University,Player,Team,Position
Air Force,Jordan Jackson,Denver Broncos,Defensive Tackle
Air Force,Bo Richter,Minnesota Vikings,Linebacker
Air Force,Trey Taylor,Las Vegas Raiders,Safety
Alabama,Will Anderson Jr.,Houston Texans,Defensive End
Alabama,Jalyn Armour-Davis,Baltimore Ravens,Cornerback
Alabama,Terrion Arnold,Detroit Lions,Cornerback
Alabama,Jordan Battle,Cincinnati Bengals,Safety
Alabama,Bradley Bozeman,Los Angeles Chargers,Center
Alabama,Brian Branch,Detroit Lions,Safety
Alabama,Chris Braswell,Tampa Bay Buccaneers,Linebacker
Alabama,Jermaine Burton,Cincinnati Bengals,Wide Receiver
Alabama,Amari Cooper,Buffalo Bills,Wide Receiver
Alabama,Lester Cotton,Miami Dolphins,Guard
Alabama,Raekwon Davis,Indianapolis Colts,Defensive Tackle
Alabama,Landon Dickerson,Philadelphia Eagles,Guard
Alabama,Trevon Diggs,Dallas Cowboys,Cornerback
Alabama,Justin Eboigbe,Los Angeles Chargers,Defensive Tackle
Alabama,Minkah Fitzpatrick,Pittsburgh Steelers,Safety
Alabama,Jahmyr Gibbs,Detroit Lions,Running Back
Alabama,Da'Shawn Hand,Miami Dolphins,Defensive Tackle
Alabama,Najee Harris,Pittsburgh Steelers,Running Back
Alabama,Ronnie Harrison Jr.,Indianapolis Colts,Safety
Alabama,Derrick Henry,Baltimore Ravens,Running Back
Alabama,Marlon Humphrey,Baltimore Ravens,Cornerback
Alabama,Eddie Jackson,Baltimore Ravens,Safety
Alabama,Josh Jacobs,Green Bay Packers,Running Back
Alabama,Anfernee Jennings,New England Patriots,Linebacker
Alabama,Jerry Jeudy,Cleveland Browns,Wide Receiver
Alabama,Mac Jones,Jacksonville Jaguars,Quarterback
Alabama,Ryan Kelly,Indianapolis Colts,Center
Alabama,JC Latham,Tennessee Titans,Offensive Tackle
Alabama,Phidarian Mathis,Washington Commanders,Defensive Tackle
Alabama,AJ McCarron,Cincinnati Bengals,Quarterback
Alabama,Jase McClellan,Atlanta Falcons,Running Back
Alabama,Xavier McKinney,Green Bay Packers,Safety
Alabama,Kool-Aid McKinstry,New Orleans Saints,Cornerback
Alabama,John Metchie III,Houston Texans,Wide Receiver
Alabama,C.J. Mosley,New York Jets,Linebacker
Alabama,Evan Neal,New York Giants,Offensive Tackle
Alabama,Daron Payne,Washington Commanders,Defensive Tackle
Alabama,LaBryan Ray,Carolina Panthers,Defensive End
Alabama,Jarran Reed,Seattle Seahawks,Defensive Tackle
Alabama,Will Reichard,Minnesota Vikings,Place kicker
Alabama,Eli Ricks,Philadelphia Eagles,Cornerback
Alabama,Calvin Ridley,Tennessee Titans,Wide Receiver
Alabama,A'Shawn Robinson,Carolina Panthers,Defensive End
Alabama,Cam Robinson,Minnesota Vikings,Offensive Tackle
Alabama,Brian Robinson Jr.,Washington Commanders,Running Back
Alabama,JK Scott,Los Angeles Chargers,Punter
Alabama,DeVonta Smith,Philadelphia Eagles,Wide Receiver
Alabama,Tyler Steen,Philadelphia Eagles,Guard
Alabama,Pat Surtain II,Denver Broncos,Cornerback
Alabama,Tua Tagovailoa,Miami Dolphins,Quarterback
Alabama,Henry To'oTo'o,Houston Texans,Linebacker
Alabama,Dalvin Tomlinson,Cleveland Browns,Defensive Tackle
Alabama,Dallas Turner,Minnesota Vikings,Linebacker
Alabama,Jaylen Waddle,Miami Dolphins,Wide Receiver
Alabama,Levi Wallace,Denver Broncos,Cornerback
Alabama,Quinnen Williams,New York Jets,Defensive Tackle
Alabama,Jedrick Wills Jr.,Cleveland Browns,Offensive Tackle
Alabama,Mack Wilson Sr.,Arizona Cardinals,Linebacker
Alabama,Bryce Young,Carolina Panthers,Quarterback
Alabama State,Tytus Howard,Houston Texans,Offensive Tackle
Alabama State,Keenan Isaac,Tampa Bay Buccaneers,Cornerback
Alabama State,Jamel Johnson,Seattle Seahawks,Wide Receiver
Albany State GA,Grover Stewart,Indianapolis Colts,Defensive Tackle
Alcorn State,Claudin Cherelus,Carolina Panthers,Linebacker
App State,Akeem Davis-Gaither,Cincinnati Bengals,Linebacker
App State,Tyrek Funderburk,Tampa Bay Buccaneers,Cornerback
App State,Nick Hampton,Los Angeles Rams,Linebacker
App State,Cooper Hodges,Jacksonville Jaguars,Offensive Tackle
App State,D'Marco Jackson,New Orleans Saints,Linebacker
App State,Kendall Lamm,Miami Dolphins,Offensive Tackle
App State,Sam Martin,Buffalo Bills,Punter
App State,Ryan Neuzil,Atlanta Falcons,Guard
Arizona,Jacob Cowing,San Francisco 49ers,Wide Receiver
Arizona,Demetrius Flannigan-Fowles,San Francisco 49ers,Linebacker
Arizona,Nick Folk,Tennessee Titans,Place kicker
Arizona,Roy Lopez,Arizona Cardinals,Defensive Tackle
Arizona,Tanner McLachlan,Cincinnati Bengals,Tight End
Arizona,Jordan Morgan,Green Bay Packers,Offensive Tackle
Arizona,J.J. Taylor,Houston Texans,Running Back
Arizona State,D.J. Davidson,New York Giants,Defensive Tackle
Arizona State,Mitchell Fraboni,Denver Broncos,Long Snapper
Arizona State,Lawrence Guy,Cincinnati Bengals,Defensive Tackle
Arizona State,Matt Haack,New York Giants,Punter
Arizona State,Jack Jones,Las Vegas Raiders,Cornerback
Arizona State,Rachaad White,Tampa Bay Buccaneers,Running Back
Arkansas,Brandon Allen,San Francisco 49ers,Quarterback
Arkansas,Jake Bates,Detroit Lions,Place kicker
Arkansas,Montaric Brown,Jacksonville Jaguars,Cornerback
Arkansas,Kamren Curl,Los Angeles Rams,Safety
Arkansas,Feleipe Franks,Carolina Panthers,Tight End
Arkansas,Hjalte Froholdt,Arizona Cardinals,Guard
Arkansas,Antonio Grier Jr.,Tampa Bay Buccaneers,Linebacker
Arkansas,Hunter Henry,New England Patriots,Tight End
Arkansas,Jeremiah Ledbetter,Jacksonville Jaguars,Defensive Tackle
Arkansas,Beaux Limmer,Los Angeles Rams,Center
Arkansas,Cam Little,Jacksonville Jaguars,Place kicker
Arkansas,Dwight McGlothern,Minnesota Vikings,Cornerback
Arkansas,Frank Ragnow,Detroit Lions,Center
Arkansas,John Ridgeway III,New Orleans Saints,Defensive Tackle
Arkansas,Dan Skipper,Detroit Lions,Offensive Tackle
Arkansas,Armon Watts,New York Giants,Defensive Tackle
Arkansas,Deatrich Wise Jr.,New England Patriots,Defensive End
Arkansas State,Demario Davis,New Orleans Saints,Linebacker
Arkansas-Pine Bluff,Terron Armstead,Miami Dolphins,Offensive Tackle
Arkansas-Pine Bluff,Jamie Gillan,New York Giants,Punter
Arkansas-Pine Bluff,Jason Jones,null Unknown,Unknown
Army,Cole Christiansen,Kansas City Chiefs,Linebacker
Army,Jon Rhattigan,Carolina Panthers,Linebacker
Assumption,Zach Triner,Tampa Bay Buccaneers,Long Snapper
Auburn,Tank Bigsby,Jacksonville Jaguars,Running Back
Auburn,K.J. Britt,Tampa Bay Buccaneers,Linebacker
Auburn,Daniel Carlson,Las Vegas Raiders,Place kicker
Auburn,Carlton Davis III,Detroit Lions,Cornerback
Auburn,Jack Driscoll,Philadelphia Eagles,Offensive Tackle
Auburn,Derick Hall,Seattle Seahawks,Linebacker
Auburn,Josh Harris,Los Angeles Chargers,Long Snapper
Auburn,Noah Igbinoghene,Washington Commanders,Cornerback
Auburn,Jonathan Jones,New England Patriots,Cornerback
Auburn,Carl Lawson,Dallas Cowboys,Defensive End
Auburn,Roger McCreary,Tennessee Titans,Cornerback
Auburn,Owen Pappoe,Arizona Cardinals,Linebacker
Auburn,Nehemiah Pritchett,Seattle Seahawks,Cornerback
Auburn,John Samuel Shenker,Las Vegas Raiders,Tight End
Auburn,Jamien Sherwood,New York Jets,Linebacker
Auburn,Darius Slayton,New York Giants,Wide Receiver
Auburn,Braden Smith,Indianapolis Colts,Offensive Tackle
Auburn,Jarrett Stidham,Denver Broncos,Quarterback
Auburn,Daniel Thomas,Jacksonville Jaguars,Safety
Auburn,Colby Wooden,Green Bay Packers,Defensive Tackle
Augustana University (SD),C.J. Ham,Minnesota Vikings,Fullback
Azusa Pacific,Matt Orzech,Green Bay Packers,Long Snapper
Ball State,Danny Pinter,Indianapolis Colts,Center
Ball State,Loren Strickland,Detroit Lions,Safety
Ball State,Amechi Uzodinma,Los Angeles Chargers,Cornerback
Baylor,Terrel Bernard,Buffalo Bills,Linebacker
Baylor,Andrew Billings,Chicago Bears,Defensive Tackle
Baylor,JaMycal Hasty,New England Patriots,Running Back
Baylor,Xavien Howard,Miami Dolphins,Cornerback
Baylor,Jalen Hurd,New England Patriots,Wide Receiver
Baylor,James Lynch,Tennessee Titans,Defensive Tackle
Baylor,Ross Matiscik,Jacksonville Jaguars,Long Snapper
Baylor,Jalen Pitre,Houston Texans,Safety
Baylor,Ben Sims,Green Bay Packers,Tight End
Baylor,Tyquan Thornton,New England Patriots,Wide Receiver
Baylor,Jon Weeks,Houston Texans,Long Snapper
Boise State,John Bates,Washington Commanders,Tight End
Boise State,Ezra Cleveland,Jacksonville Jaguars,Guard
Boise State,Scott Matlock,Los Angeles Chargers,Defensive Tackle
Boise State,Alexander Mattison,Las Vegas Raiders,Running Back
Boise State,Jeremy McNichols,Washington Commanders,Running Back
Boise State,John Ojukwu,Tennessee Titans,Offensive Tackle
Boise State,Brett Rypien,Minnesota Vikings,Quarterback
Boise State,Khalil Shakir,Buffalo Bills,Wide Receiver
Boise State,JL Skinner,Denver Broncos,Safety
Boise State,Avery Williams,Atlanta Falcons,Running Back
Boise State,Cedrick Wilson Jr.,New Orleans Saints,Wide Receiver
Boston College,Zach Allen,Denver Broncos,Defensive End
Boston College,Zay Flowers,Baltimore Ravens,Wide Receiver
Boston College,Kyle Hergel,New Orleans Saints,Guard
Boston College,Zion Johnson,Los Angeles Chargers,Guard
Boston College,Harold Landry III,Tennessee Titans,Linebacker
Boston College,Chris Lindstrom,Atlanta Falcons,Guard
Boston College,Hunter Long,Los Angeles Rams,Tight End
Boston College,Christian Mahogany,Detroit Lions,Guard
Boston College,Isaiah McDuffie,Green Bay Packers,Linebacker
Boston College,Justin Simmons,Atlanta Falcons,Safety
Boston College,Isaac Yiadom,San Francisco 49ers,Cornerback
Bowling Green,Karl Brooks,Green Bay Packers,Defensive End
Bowling Green,Scotty Miller,Pittsburgh Steelers,Wide Receiver
Bowling Green,Quintin Morris,Buffalo Bills,Tight End
British Columbia,Giovanni Manu,Detroit Lions,Offensive Tackle
Brown,Michael Hoecht,Los Angeles Rams,Linebacker
Buffalo,Joe Andreessen,Buffalo Bills,Linebacker
Buffalo,Kayode Awosika,Detroit Lions,Guard
Buffalo,Ja'Marcus Ingram,Buffalo Bills,Cornerback
Buffalo,Cam Lewis,Buffalo Bills,Cornerback
Buffalo,Khalil Mack,Los Angeles Chargers,Linebacker
BYU,Tyler Allgeier,Atlanta Falcons,Running Back
BYU,Zayne Anderson,Green Bay Packers,Safety
BYU,Chris Brooks,Green Bay Packers,Running Back
BYU,Brady Christensen,Carolina Panthers,Guard
BYU,Michael Davis,Washington Commanders,Cornerback
BYU,Blake Freeland,Indianapolis Colts,Offensive Tackle
BYU,Taysom Hill,New Orleans Saints,Tight End
BYU,Puka Nacua,Los Angeles Rams,Wide Receiver
BYU,Ryan Rehkow,Cincinnati Bengals,Punter
BYU,Kingsley Suamataia,Kansas City Chiefs,Offensive Tackle
BYU,Sione Takitaki,New England Patriots,Linebacker
BYU,Khyiris Tonga,Arizona Cardinals,Defensive Tackle
BYU,Kyle Van Noy,Baltimore Ravens,Linebacker
BYU,Fred Warner,San Francisco 49ers,Linebacker
BYU,Jamaal Williams,New Orleans Saints,Running Back
BYU,Zach Wilson,Denver Broncos,Quarterback
California,Keenan Allen,Chicago Bears,Wide Receiver
California,Bryan Anger,Dallas Cowboys,Punter
California,Camryn Bynum,Minnesota Vikings,Safety
California,Ashtyn Davis,New York Jets,Safety
California,Jared Goff,Detroit Lions,Quarterback
California,Jaylinn Hawkins,New England Patriots,Safety
California,Elijah Hicks,Chicago Bears,Safety
California,Cameron Jordan,New Orleans Saints,Defensive End
California,Patrick Mekari,Baltimore Ravens,Guard
California,Aaron Rodgers,New York Jets,Quarterback
California,Jake Tonges,San Francisco 49ers,Tight End
Campbell,Julian Hill,Miami Dolphins,Tight End
Canisius,Chris Manhertz,New York Giants,Tight End
Central Arkansas,George Odum,San Francisco 49ers,Safety
Central Arkansas,Tremon Smith,Denver Broncos,Cornerback
Central Michigan,Nick Bellore,Washington Commanders,Linebacker
Central Michigan,Tyler Conklin,New York Jets,Tight End
Central Michigan,Luke Goedeke,Tampa Bay Buccaneers,Offensive Tackle
Central Michigan,Thomas Incoom,Carolina Panthers,Linebacker
Central Michigan,Sean Murphy-Bunting,Arizona Cardinals,Cornerback
Central Michigan,Bernhard Raimann,Indianapolis Colts,Offensive Tackle
Central Michigan,Cooper Rush,Dallas Cowboys,Quarterback
Central Michigan,Jonathan Ward,Pittsburgh Steelers,Running Back
Charlotte,Nate Davis,Chicago Bears,Guard
Charlotte,Alex Highsmith,Pittsburgh Steelers,Linebacker
Charlotte,Larry Ogunjobi,Pittsburgh Steelers,Defensive Tackle
Cincinnati,Coby Bryant,Seattle Seahawks,Cornerback
Cincinnati,Bryan Cook,Kansas City Chiefs,Safety
Cincinnati,Josiah Deguara,Jacksonville Jaguars,Tight End
Cincinnati,Jerome Ford,Cleveland Browns,Running Back
Cincinnati,Darrick Forrest,Washington Commanders,Safety
Cincinnati,Sauce Gardner,New York Jets,Cornerback
Cincinnati,Travis Kelce,Kansas City Chiefs,Tight End
Cincinnati,Ivan Pace Jr.,Minnesota Vikings,Linebacker
Cincinnati,Alec Pierce,Indianapolis Colts,Wide Receiver
Cincinnati,Desmond Ridder,Las Vegas Raiders,Quarterback
Cincinnati,Tyler Scott,Chicago Bears,Wide Receiver
Cincinnati,Tre Tucker,Las Vegas Raiders,Wide Receiver
Cincinnati,Josh Whyle,Tennessee Titans,Tight End
Cincinnati,Eric Wilson,Green Bay Packers,Linebacker
Clemson,Davis Allen,Los Angeles Rams,Tight End
Clemson,Andrew Booth Jr.,Dallas Cowboys,Cornerback
Clemson,Bryan Bresee,New Orleans Saints,Defensive Tackle
Clemson,Tyler Davis,Los Angeles Rams,Defensive Tackle
Clemson,Travis Etienne Jr.,Jacksonville Jaguars,Running Back
Clemson,Clelin Ferrell,Washington Commanders,Defensive End
Clemson,KJ Henry,Dallas Cowboys,Defensive End
Clemson,Tee Higgins,Cincinnati Bengals,Wide Receiver
Clemson,DeAndre Hopkins,Kansas City Chiefs,Wide Receiver
Clemson,Grady Jarrett,Atlanta Falcons,Defensive End
Clemson,Trevor Lawrence,Jacksonville Jaguars,Quarterback
Clemson,Dexter Lawrence II,New York Giants,Defensive Tackle
Clemson,Ray-Ray McCloud III,Atlanta Falcons,Wide Receiver
Clemson,Jordan McFadden,Los Angeles Chargers,Guard
Clemson,Myles Murphy,Cincinnati Bengals,Defensive End
Clemson,Ruke Orhorhoro,Atlanta Falcons,Defensive Tackle
Clemson,Bradley Pinion,Atlanta Falcons,Punter
Clemson,DJ Reader,Detroit Lions,Defensive Tackle
Clemson,Hunter Renfrow,Las Vegas Raiders,Wide Receiver
Clemson,Will Shipley,Philadelphia Eagles,Running Back
Clemson,Isaiah Simmons,New York Giants,Linebacker
Clemson,John Simpson,New York Jets,Guard
Clemson,Trenton Simpson,Baltimore Ravens,Linebacker
Clemson,Baylon Spector,Buffalo Bills,Linebacker
Clemson,A.J. Terrell,Atlanta Falcons,Cornerback
Clemson,Xavier Thomas,Arizona Cardinals,Linebacker
Clemson,Jeremiah Trotter Jr.,Philadelphia Eagles,Linebacker
Clemson,K'Von Wallace,Seattle Seahawks,Safety
Clemson,Carlos Watkins,Dallas Cowboys,Defensive End
Clemson,Nate Wiggins,Baltimore Ravens,Cornerback
Clemson,DeShawn Williams,Carolina Panthers,Defensive Tackle
Clemson,Mike Williams,New York Jets,Wide Receiver
Coastal Carolina,C.J. Brewer,Tampa Bay Buccaneers,Defensive Tackle
Coastal Carolina,Isaiah Likely,Baltimore Ravens,Tight End
Colorado,David Bakhtiari,Green Bay Packers,Offensive Tackle
Colorado,Nate Landman,Atlanta Falcons,Linebacker
Colorado,Isaiah Oliver,New York Jets,Cornerback
Colorado,Brady Russell,Seattle Seahawks,Tight End
Colorado,Laviska Shenault Jr.,Seattle Seahawks,Wide Receiver
Colorado,Xavier Weaver,Arizona Cardinals,Wide Receiver
Colorado,Ahkello Witherspoon,Los Angeles Rams,Cornerback
Colorado State,Dallin Holker,New Orleans Saints,Tight End
Colorado State,Mohamed Kamara,Miami Dolphins,Linebacker
Colorado State,Klint Kubiak,null Unknown,Unknown
Colorado State,Trey McBride,Arizona Cardinals,Tight End
Colorado State,Trent Sieg,Dallas Cowboys,Long Snapper
Colorado State,Ryan Stonehouse,Tennessee Titans,Punter
CSU Pueblo,Morgan Fox,Los Angeles Chargers,Defensive End
CSU Pueblo,Mike Pennel Jr.,Kansas City Chiefs,Defensive Tackle
Culver-Stockton College,Andrew Rupcich,Tennessee Titans,Offensive Tackle
Dayton,Adam Trautman,Denver Broncos,Tight End
Delaware,Nasir Adderley,Los Angeles Chargers,Safety
Delaware,Joe Flacco,Indianapolis Colts,Quarterback
Drake,Eric Saubert,San Francisco 49ers,Tight End
Duke,Graham Barton,Tampa Bay Buccaneers,Center
Duke,Josh Blackwell,Chicago Bears,Cornerback
Duke,Michael Carter II,New York Jets,Cornerback
Duke,Victor Dimukeje,Arizona Cardinals,Linebacker
Duke,Noah Gray,Kansas City Chiefs,Tight End
Duke,Thomas Hennessy,New York Jets,Long Snapper
Duke,Daniel Jones,New York Giants,Quarterback
Duke,Jacob Monk,Green Bay Packers,Center
Duke,Lucas Patrick,New Orleans Saints,Guard
Duke,Laken Tomlinson,Seattle Seahawks,Guard
Duquesne,Christian Kuntz,Pittsburgh Steelers,Long Snapper
East Carolina,Zay Jones,Arizona Cardinals,Wide Receiver
East Carolina,Linval Joseph,Dallas Cowboys,Defensive Tackle
East Carolina,Ja'Quan McMillian,Denver Broncos,Cornerback
East Carolina,Julius Wood,Tennessee Titans,Safety
East Central (OK),David Moore,Carolina Panthers,Wide Receiver
Eastern Illinois,Jimmy Garoppolo,Los Angeles Rams,Quarterback
Eastern Illinois,Kamu Grugier-Hill,Minnesota Vikings,Linebacker
Eastern Michigan,Maxx Crosby,Las Vegas Raiders,Defensive End
Eastern Michigan,Pat O'Connor,Detroit Lions,Defensive End
Eastern Michigan,Thomas Odukoya,Tennessee Titans,Tight End
Eastern Michigan,Jose Ramirez,Tampa Bay Buccaneers,Linebacker
Eastern Michigan,Sidy Sow,New England Patriots,Guard
Eastern Michigan,Andrew Wylie,Washington Commanders,Guard
Eastern Washington,Kendrick Bourne,New England Patriots,Wide Receiver
Eastern Washington,Cooper Kupp,Los Angeles Rams,Wide Receiver
Elon,Olisaemeka Udoh,New Orleans Saints,Offensive Tackle
Fayetteville State,Joshua Williams,Kansas City Chiefs,Cornerback
Ferris State,Zach Sieler,Miami Dolphins,Defensive Tackle
Ferris State,Tavierre Thomas,Tampa Bay Buccaneers,Cornerback
Findlay,Michael Jerrell,Seattle Seahawks,Offensive Tackle
Florida,Alex Anzalone,Detroit Lions,Linebacker
Florida,Taven Bryan,Indianapolis Colts,Defensive Tackle
Florida,Jonathan Bullard,Minnesota Vikings,Defensive End
Florida,Amari Burney,Las Vegas Raiders,Linebacker
Florida,Zach Carter,Las Vegas Raiders,Defensive Tackle
Florida,Brenton Cox Jr.,Green Bay Packers,Defensive End
Florida,Gervon Dexter Sr.,Chicago Bears,Defensive Tackle
Florida,Kaiir Elam,Buffalo Bills,Cornerback
Florida,Dante Fowler Jr.,Washington Commanders,Linebacker
Florida,C.J. Gardner-Johnson,Philadelphia Eagles,Safety
Florida,Jonathan Greenard,Minnesota Vikings,Linebacker
Florida,C.J. Henderson,Pittsburgh Steelers,Cornerback
Florida,D.J. Humphries,Arizona Cardinals,Offensive Tackle
Florida,Van Jefferson,Pittsburgh Steelers,Wide Receiver
Florida,Fred Johnson,Philadelphia Eagles,Offensive Tackle
Florida,Marcus Maye,Miami Dolphins,Safety
Florida,Evan McPherson,Cincinnati Bengals,Place kicker
Florida,Ventrell Miller,Jacksonville Jaguars,Linebacker
Florida,Jeremiah Moon,Pittsburgh Steelers,Linebacker
Florida,Ricky Pearsall,San Francisco 49ers,Wide Receiver
Florida,Dameon Pierce,Houston Texans,Running Back
Florida,Eddy Pineiro,Carolina Panthers,Place kicker
Florida,Kyle Pitts,Atlanta Falcons,Tight End
Florida,Brandon Powell,Minnesota Vikings,Wide Receiver
Florida,Anthony Richardson,Indianapolis Colts,Quarterback
Florida,Demarcus Robinson,Los Angeles Rams,Wide Receiver
Florida,T.J. Slaton,Green Bay Packers,Defensive Tackle
Florida,Jawaan Taylor,Kansas City Chiefs,Offensive Tackle
Florida,O'Cyrus Torrence,Buffalo Bills,Guard
Florida,Tommy Townsend,Houston Texans,Punter
Florida,Kyle Trask,Tampa Bay Buccaneers,Quarterback
Florida,Marco Wilson,New England Patriots,Cornerback
Florida,Jabari Zuniga,New Orleans Saints,Defensive End
Florida A&M,Markquese Bell,Dallas Cowboys,Safety
Florida A&M,Isaiah Land,Indianapolis Colts,Defensive End
Florida A&M,Xavier Smith,Los Angeles Rams,Wide Receiver
Florida Atlantic,Azeez Al-Shaair,Houston Texans,Linebacker
Florida Atlantic,Evan Anderson,San Francisco 49ers,Defensive Tackle
Florida Atlantic,Harrison Bryant,Las Vegas Raiders,Tight End
Florida Atlantic,Trey Hendrickson,Cincinnati Bengals,Defensive End
Florida Atlantic,Greg Joseph,New York Giants,Place kicker
Florida Atlantic,James Pierre,Pittsburgh Steelers,Cornerback
Florida Atlantic,Devin Singletary,New York Giants,Running Back
Florida International,Jonnu Smith,Miami Dolphins,Tight End
Florida International,Teair Tart,Los Angeles Chargers,Defensive Tackle
Florida State,Cam Akers,Minnesota Vikings,Running Back
Florida State,Jaheim Bell,New England Patriots,Tight End
Florida State,Trey Benson,Arizona Cardinals,Running Back
Florida State,Tatum Bethune,San Francisco 49ers,Linebacker
Florida State,Brian Burns,New York Giants,Linebacker
Florida State,Keon Coleman,Buffalo Bills,Wide Receiver
Florida State,Ronald Darby,Jacksonville Jaguars,Cornerback
Florida State,Braden Fiske,Los Angeles Rams,Defensive Tackle
Florida State,Eddie Goldman,Atlanta Falcons,Defensive Tackle
Florida State,Renardo Green,San Francisco 49ers,Cornerback
Florida State,Dustin Hopkins,Cleveland Browns,Place kicker
Florida State,Derwin James Jr.,Los Angeles Chargers,Safety
Florida State,Jarrian Jones,Jacksonville Jaguars,Cornerback
Florida State,Derrick Nnadi,Kansas City Chiefs,Defensive Tackle
Florida State,Jalen Ramsey,Miami Dolphins,Cornerback
Florida State,Janarius Robinson,Las Vegas Raiders,Defensive End
Florida State,Jammie Robinson,Carolina Panthers,Safety
Florida State,Josh Sweat,Philadelphia Eagles,Linebacker
Florida State,Jared Verse,Los Angeles Rams,Linebacker
Florida State,DeMarcus Walker,Chicago Bears,Defensive End
Florida State,Johnny Wilson,Philadelphia Eagles,Wide Receiver
Florida State,Jameis Winston,Cleveland Browns,Quarterback
Fordham,Nick Zakelj,San Francisco 49ers,Offensive Tackle
Fort Hays State,Nathan Shepherd,New Orleans Saints,Defensive Tackle
Fort Valley State,Emanuel Wilson,Green Bay Packers,Running Back
Fresno State,Davante Adams,New York Jets,Wide Receiver
Fresno State,Levelle Bailey,Denver Broncos,Linebacker
Fresno State,DaRon Bland,Dallas Cowboys,Cornerback
Fresno State,Derek Carr,New Orleans Saints,Quarterback
Fresno State,Jake Haener,New Orleans Saints,Quarterback
Fresno State,Arron Mosby,Green Bay Packers,Defensive End
Fresno State,Ronnie Rivers,Los Angeles Rams,Running Back
Fresno State,Mykal Walker,Washington Commanders,Linebacker
Friends University,Jeremiah Pharms Jr.,New England Patriots,Defensive Tackle
Furman,Ryan Miller,Tampa Bay Buccaneers,Wide Receiver
Georgia,Robert Beal Jr.,San Francisco 49ers,Defensive End
Georgia,Stetson Bennett,Los Angeles Rams,Quarterback
Georgia,Brock Bowers,Las Vegas Raiders,Tight End
Georgia,Javon Bullard,Green Bay Packers,Safety
Georgia,Tyson Campbell,Jacksonville Jaguars,Cornerback
Georgia,Jalen Carter,Philadelphia Eagles,Defensive Tackle
Georgia,Nick Chubb,Cleveland Browns,Running Back
Georgia,Ben Cleveland,Baltimore Ravens,Guard
Georgia,Chris Conley,San Francisco 49ers,Wide Receiver
Georgia,James Cook,Buffalo Bills,Running Back
Georgia,Jordan Davis,null Unknown,Unknown
Georgia,Jordan Davis,Philadelphia Eagles,Defensive Tackle
Georgia,Nakobe Dean,Philadelphia Eagles,Linebacker
Georgia,John FitzPatrick,Green Bay Packers,Tight End
Georgia,Leonard Floyd,San Francisco 49ers,Defensive End
Georgia,Mecole Hardman,Kansas City Chiefs,Wide Receiver
Georgia,Malik Herring,Kansas City Chiefs,Defensive End
Georgia,John Jenkins,Las Vegas Raiders,Defensive Tackle
Georgia,Broderick Jones,Pittsburgh Steelers,Offensive Tackle
Georgia,Kamari Lassiter,Houston Texans,Cornerback
Georgia,Zion Logue,Buffalo Bills,Defensive Tackle
Georgia,Warren McClendon Jr.,Los Angeles Rams,Offensive Tackle
Georgia,Ladd McConkey,Los Angeles Chargers,Wide Receiver
Georgia,Kenny McIntosh,Seattle Seahawks,Running Back
Georgia,Sony Michel,Los Angeles Rams,Running Back
Georgia,Amarius Mims,Cincinnati Bengals,Offensive Tackle
Georgia,Nick Moore,Baltimore Ravens,Long Snapper
Georgia,Azeez Ojulari,New York Giants,Linebacker
Georgia,George Pickens,Pittsburgh Steelers,Wide Receiver
Georgia,Kelee Ringo,Philadelphia Eagles,Cornerback
Georgia,Jamaree Salyer,Los Angeles Chargers,Guard
Georgia,Roquan Smith,Baltimore Ravens,Linebacker
Georgia,Tykee Smith,Tampa Bay Buccaneers,Safety
Georgia,Chris Smith II,Las Vegas Raiders,Safety
Georgia,Nolan Smith Jr.,Philadelphia Eagles,Linebacker
Georgia,Matthew Stafford,Los Angeles Rams,Quarterback
Georgia,Eric Stokes,Green Bay Packers,Cornerback
Georgia,D'Andre Swift,Chicago Bears,Running Back
Georgia,Channing Tindall,Miami Dolphins,Linebacker
Georgia,Sedrick Van Pran-Granger,Buffalo Bills,Center
Georgia,Herschel Walker,Dallas Cowboys,Fullback
Georgia,Quay Walker,Green Bay Packers,Linebacker
Georgia,Travon Walker,Jacksonville Jaguars,Defensive End
Georgia,Darnell Washington,Pittsburgh Steelers,Tight End
Georgia,Zamir White,Las Vegas Raiders,Running Back
Georgia,Charlie Woerner,Atlanta Falcons,Tight End
Georgia,Devonte Wyatt,Green Bay Packers,Defensive Tackle
Georgia Southern,Darrell Baker Jr.,Tennessee Titans,Cornerback
Georgia Southern,Shemar Bartholomew,Carolina Panthers,Cornerback
Georgia Southern,Tyler Bass,Buffalo Bills,Place kicker
Georgia Southern,Younghoe Koo,Atlanta Falcons,Place kicker
Georgia Southern,Kindle Vildor,Detroit Lions,Cornerback
Georgia State,Travis Glover,Green Bay Packers,Offensive Tackle
Georgia State,Wil Lutz,Denver Broncos,Place kicker
Georgia Tech,Harrison Butker,Kansas City Chiefs,Place kicker
Georgia Tech,Adam Gotsis,Indianapolis Colts,Defensive Tackle
Georgia Tech,Shaq Mason,Houston Texans,Guard
Georgia Tech,Jordan Mason,San Francisco 49ers,Running Back
Georgia Tech,Juanyeh Thomas,Dallas Cowboys,Safety
Georgia Tech,Keion White,New England Patriots,Defensive End
Grambling,Trent Scott,Washington Commanders,Offensive Tackle
Grand Valley State University,Matthew Judon,Atlanta Falcons,Linebacker
Greeneville,Dee Alford,Atlanta Falcons,Cornerback
Greenville,Nicholas Morrow,Buffalo Bills,Linebacker
Harvard,Anthony Firkser,New York Jets,Tight End
Harvard,Kyle Juszczyk,San Francisco 49ers,Fullback
Harvard,Tyler Ott,Washington Commanders,Long Snapper
Hawai'i,Rigoberto Sanchez,Indianapolis Colts,Punter
Hawai'i,Jahlani Tavai,New England Patriots,Linebacker
Holy Cross,Jalen Coker,Carolina Panthers,Wide Receiver
Holy Cross,C.J. Hanson,Kansas City Chiefs,Guard
Holy Cross,Kalif Raymond,Detroit Lions,Wide Receiver
Houston,Matthew Adams,New York Giants,Linebacker
Houston,Kyle Allen,Pittsburgh Steelers,Quarterback
Houston,Tyus Bowser,Miami Dolphins,Linebacker
Houston,Tank Dell,Houston Texans,Wide Receiver
Houston,Logan Hall,Tampa Bay Buccaneers,Defensive End
Houston,Josh Jones,Baltimore Ravens,Offensive Tackle
Houston,Marcus Jones,New England Patriots,Cornerback
Houston,Ed Oliver,Buffalo Bills,Defensive Tackle
Houston,Patrick Paul,Miami Dolphins,Offensive Tackle
Houston,Elandon Roberts,Pittsburgh Steelers,Linebacker
Houston,Grant Stuard,Indianapolis Colts,Linebacker
Houston,Nick Thurman,Carolina Panthers,Defensive Tackle
Houston,Clayton Tune,Arizona Cardinals,Quarterback
Houston,Payton Turner,New Orleans Saints,Defensive End
Houston Christian,Jalyx Hunt,Philadelphia Eagles,Linebacker
Houston Christian,Caleb Johnson,Jacksonville Jaguars,Linebacker
Humboldt State,Alex Cappa,Cincinnati Bengals,Guard
Idaho,Kaden Elliss,Atlanta Falcons,Linebacker
Idaho,Christian Elliss,New England Patriots,Linebacker
Idaho,Hogan Hatten,Detroit Lions,Long Snapper
Idaho,Jermaine Jackson,New Orleans Saints,Wide Receiver
Idaho State,Tanner Conner,Miami Dolphins,Tight End
Illinois,Tony Adams,New York Jets,Safety
Illinois,Isaiah Adams,Arizona Cardinals,Guard
Illinois,Nick Allegretti,Washington Commanders,Guard
Illinois,Sydney Brown,Philadelphia Eagles,Safety
Illinois,Chase Brown,Cincinnati Bengals,Running Back
Illinois,Tommy DeVito,New York Giants,Quarterback
Illinois,Kendrick Green,Houston Texans,Guard
Illinois,Jake Hansen,Houston Texans,Linebacker
Illinois,Justin Hardee Sr.,Tennessee Titans,Cornerback
Illinois,Nate Hobbs,Las Vegas Raiders,Cornerback
Illinois,Kerby Joseph,Detroit Lions,Safety
Illinois,Ted Karras,Cincinnati Bengals,Center
Illinois,Doug Kramer Jr.,Chicago Bears,Center
Illinois,Vederian Lowe,New England Patriots,Offensive Tackle
Illinois,Quan Martin,Washington Commanders,Safety
Illinois,Chase McLaughlin,Tampa Bay Buccaneers,Place kicker
Illinois,Jer'Zhan Newton,Washington Commanders,Defensive Tackle
Illinois,Alex Palczewski,Denver Broncos,Offensive Tackle
Illinois,Del'Shawn Phillips,Houston Texans,Linebacker
Illinois,Tip Reiman,Arizona Cardinals,Tight End
Illinois,Dawuane Smoot,Buffalo Bills,Defensive End
Illinois,Jihad Ward,Minnesota Vikings,Linebacker
Illinois,Casey Washington,Atlanta Falcons,Wide Receiver
Illinois,Isaiah Williams,Detroit Lions,Wide Receiver
Illinois,Devon Witherspoon,Seattle Seahawks,Cornerback
Illinois State,Shelby Harris,Cleveland Browns,Defensive Tackle
Indiana,Dan Feeney,Minnesota Vikings,Guard
Indiana,Cam Jones,Kansas City Chiefs,Linebacker
Indiana,Marcelino McCrary-Ball,New York Jets,Linebacker
Indiana,Micah McFadden,New York Giants,Linebacker
Indiana,Ian Thomas,Carolina Panthers,Tight End
Indiana,Nick Westbrook-Ikhine,Tennessee Titans,Wide Receiver
Indiana-Pennsylvania,Irvin Charles,New York Jets,Wide Receiver
Indiana-Pennsylvania,Dondrea Tillman,Denver Broncos,Linebacker
Iowa,Erick All Jr.,Cincinnati Bengals,Tight End
Iowa,Dane Belton,New York Giants,Safety
Iowa,Jack Campbell,Detroit Lions,Linebacker
Iowa,Cooper DeJean,Philadelphia Eagles,Cornerback
Iowa,AJ Epenesa,Buffalo Bills,Defensive End
Iowa,Noah Fant,Seattle Seahawks,Tight End
Iowa,Chauncey Golston,Dallas Cowboys,Defensive End
Iowa,Tyler Goodson,Indianapolis Colts,Running Back
Iowa,Parker Hesse,Detroit Lions,Tight End
Iowa,T.J. Hockenson,Minnesota Vikings,Tight End
Iowa,Amani Hooker,Tennessee Titans,Safety
Iowa,Alaric Jackson,Los Angeles Rams,Offensive Tackle
Iowa,Josey Jewell,Carolina Panthers,Linebacker
Iowa,George Kittle,San Francisco 49ers,Tight End
Iowa,Casey Kreiter,New York Giants,Long Snapper
Iowa,Sam LaPorta,Detroit Lions,Tight End
Iowa,Tyler Linderbaum,Baltimore Ravens,Center
Iowa,Kaevon Merriweather,Tampa Bay Buccaneers,Safety
Iowa,Riley Moss,Denver Broncos,Cornerback
Iowa,Anthony Nelson,Tampa Bay Buccaneers,Linebacker
Iowa,Ben Niemann,Detroit Lions,Linebacker
Iowa,Nick Niemann,Los Angeles Chargers,Linebacker
Iowa,Brandon Scherff,Jacksonville Jaguars,Guard
Iowa,Ihmir Smith-Marsette,New York Giants,Wide Receiver
Iowa,Geno Stone,Cincinnati Bengals,Safety
Iowa,Tory Taylor,Chicago Bears,Punter
Iowa,Lukas Van Ness,Green Bay Packers,Defensive End
Iowa,Tristan Wirfs,Tampa Bay Buccaneers,Offensive Tackle
Iowa State,Breece Hall,New York Jets,Running Back
Iowa State,Jacob Hummel,Los Angeles Rams,Linebacker
Iowa State,Xavier Hutchinson,Houston Texans,Wide Receiver
Iowa State,Anthony Johnson Jr.,New York Giants,Safety
Iowa State,Charlie Kolar,Baltimore Ravens,Tight End
Iowa State,Allen Lazard,New York Jets,Wide Receiver
Iowa State,Matt Leo,Philadelphia Eagles,Defensive End
Iowa State,Will McDonald IV,New York Jets,Defensive End
Iowa State,David Montgomery,Detroit Lions,Running Back
Iowa State,Monte Pottebaum,Pittsburgh Steelers,Fullback
Iowa State,Brock Purdy,San Francisco 49ers,Quarterback
Iowa State,Eyioma Uwazurike,Denver Broncos,Defensive End
Jackson State,Isaiah Bolden,New England Patriots,Cornerback
Jackson State,James Houston,Detroit Lions,Linebacker
Jacksonville State,Siran Neal,Miami Dolphins,Cornerback
James Madison,Aaron Stinnie,New York Giants,Guard
Kansas,Dorance Armstrong,Washington Commanders,Defensive End
Kansas,Austin Booker,Chicago Bears,Defensive End
Kansas,Dominick Puni,San Francisco 49ers,Guard
Kansas,Steven Sims,Houston Texans,Wide Receiver
Kansas State,Felix Anudike-Uzomah,Kansas City Chiefs,Defensive End
Kansas State,Cooper Beebe,Dallas Cowboys,Guard
Kansas State,Josh Hayes,Tampa Bay Buccaneers,Safety
Kansas State,Tyler Lockett,Seattle Seahawks,Wide Receiver
Kansas State,Cornelius Lucas,Washington Commanders,Offensive Tackle
Kansas State,D.J. Reed,New York Jets,Cornerback
Kansas State,Ben Sinnott,Washington Commanders,Tight End
Kansas State,Skylar Thompson,Miami Dolphins,Quarterback
Kansas State,Deuce Vaughn,Dallas Cowboys,Running Back
Kansas State,Cody Whitehair,Las Vegas Raiders,Guard
Kentucky,Ray Davis,Buffalo Bills,Running Back
Kentucky,Bud Dupree,Los Angeles Chargers,Linebacker
Kentucky,Brandin Echols,New York Jets,Cornerback
Kentucky,Mike Edwards,Buffalo Bills,Safety
Kentucky,Luke Fortner,Jacksonville Jaguars,Center
Kentucky,Josh Hines-Allen,Jacksonville Jaguars,Defensive End
Kentucky,Lonnie Johnson Jr.,Carolina Panthers,Cornerback
Kentucky,Darian Kinnard,Philadelphia Eagles,Offensive Tackle
Kentucky,Will Levis,Tennessee Titans,Quarterback
Kentucky,Josh Paschal,Detroit Lions,Defensive End
Kentucky,Dru Phillips,New York Giants,Cornerback
Kentucky,Wan'Dale Robinson,New York Giants,Wide Receiver
Kentucky,Za'Darius Smith,Cleveland Browns,Defensive End
Kentucky,Keidron Smith,Denver Broncos,Safety
Kentucky,Carrington Valentine,Green Bay Packers,Cornerback
Kentucky,Trevin Wallace,Carolina Panthers,Linebacker
Kentucky,Landon Young,New Orleans Saints,Offensive Tackle
Kutztown University,Craig Reynolds,Detroit Lions,Running Back
Lenoir-Rhyne,Kyle Dugger,New England Patriots,Safety
Lenoir-Rhyne,Dareke Young,Seattle Seahawks,Wide Receiver
Liberty,DeMario Douglas,New England Patriots,Wide Receiver
Liberty,Malik Willis,Green Bay Packers,Quarterback
Lindenwood,Jonathan Harris,Carolina Panthers,Defensive End
Lock Haven University,Chris Collier,Baltimore Ravens,Running Back
Louisiana,Percy Butler,Washington Commanders,Safety
Louisiana,Kevin Dotson,Los Angeles Rams,Guard
Louisiana,Robert Hunt,Carolina Panthers,Guard
Louisiana,Max Mitchell,New York Jets,Offensive Tackle
Louisiana Tech,Jeff Driskel,Washington Commanders,Quarterback
Louisiana Tech,Amik Robertson,Detroit Lions,Cornerback
Louisiana Tech,L'Jarius Sneed,Tennessee Titans,Cornerback
Louisiana Tech,Milton Williams,Philadelphia Eagles,Defensive Tackle
Louisiana Tech,Xavier Woods,Carolina Panthers,Safety
Louisville,Yasir Abdullah,Jacksonville Jaguars,Linebacker
Louisville,Jaire Alexander,Green Bay Packers,Cornerback
Louisville,Tutu Atwell,Los Angeles Rams,Wide Receiver
Louisville,Mekhi Becton,Philadelphia Eagles,Offensive Tackle
Louisville,Jarvis Brownlee Jr.,Tennessee Titans,Cornerback
Louisville,Kei'Trel Clark,Arizona Cardinals,Cornerback
Louisville,Yaya Diaby,Tampa Bay Buccaneers,Linebacker
Louisville,Storm Duck,Miami Dolphins,Cornerback
Louisville,Isaac Guerendo,San Francisco 49ers,Running Back
Louisville,Lamar Jackson,Baltimore Ravens,Quarterback
Louisville,Sheldon Rankins,Cincinnati Bengals,Defensive Tackle
Louisville,Jamari Thrash,Cleveland Browns,Wide Receiver
LSU,Odell Beckham Jr.,Miami Dolphins,Wide Receiver
LSU,Jarrick Bernard-Converse,New York Jets,Cornerback
LSU,Kayshon Boutte,New England Patriots,Wide Receiver
LSU,Anthony Bradford,Seattle Seahawks,Guard
LSU,Joe Burrow,Cincinnati Bengals,Quarterback
LSU,K'Lavon Chaisson,Las Vegas Raiders,Defensive End
LSU,Ja'Marr Chase,Cincinnati Bengals,Wide Receiver
LSU,Will Clapp,Buffalo Bills,Center
LSU,Damone Clark,Dallas Cowboys,Linebacker
LSU,Lloyd Cushenberry III,Tennessee Titans,Center
LSU,Jayden Daniels,Washington Commanders,Quarterback
LSU,Grant Delpit,Cleveland Browns,Safety
LSU,Clyde Edwards-Helaire,Kansas City Chiefs,Running Back
LSU,Reid Ferguson,Buffalo Bills,Long Snapper
LSU,Cor'Dale Flott,New York Giants,Cornerback
LSU,Kristian Fulton,Los Angeles Chargers,Cornerback
LSU,Ali Gaye,Tennessee Titans,Linebacker
LSU,Davon Godchaux,New England Patriots,Defensive Tackle
LSU,Danielle Hunter,Houston Texans,Defensive End
LSU,Ed Ingram,Minnesota Vikings,Guard
LSU,Donte Jackson,Pittsburgh Steelers,Cornerback
LSU,Justin Jefferson,Minnesota Vikings,Wide Receiver
LSU,Jordan Jefferson,Jacksonville Jaguars,Defensive Tackle
LSU,Arden Key,Tennessee Titans,Linebacker
LSU,Damien Lewis,Carolina Panthers,Guard
LSU,Tyrann Mathieu,New Orleans Saints,Safety
LSU,Jalen Mills,New York Jets,Safety
LSU,Foster Moreau,New Orleans Saints,Tight End
LSU,Malik Nabers,New York Giants,Wide Receiver
LSU,Patrick Peterson,Pittsburgh Steelers,Cornerback
LSU,Ethan Pocic,Cleveland Browns,Center
LSU,Patrick Queen,Pittsburgh Steelers,Linebacker
LSU,Duke Riley,Miami Dolphins,Linebacker
LSU,Jaquelin Roy,New England Patriots,Defensive Tackle
LSU,Maason Smith,Jacksonville Jaguars,Defensive Tackle
LSU,Omar Speights,Los Angeles Rams,Linebacker
LSU,Derek Stingley Jr.,Houston Texans,Cornerback
LSU,Brian Thomas Jr.,Jacksonville Jaguars,Wide Receiver
LSU,Jay Ward,Minnesota Vikings,Safety
LSU,Tre'Davious White,Los Angeles Rams,Cornerback
LSU,Devin White,Houston Texans,Linebacker
LSU,Mekhi Wingo,Detroit Lions,Defensive Tackle
Maine,Patrick Ricard,Baltimore Ravens,Fullback
Malone,Ashton Dulin,Indianapolis Colts,Wide Receiver
MANITOBA,David Onyemata,Atlanta Falcons,Defensive Tackle
Marist,Jason Myers,Seattle Seahawks,Place kicker
Marshall,Rasheen Ali,Baltimore Ravens,Running Back
Marshall,Ethan Driskell,Kansas City Chiefs,Offensive Tackle
Marshall,Neville Hewitt,Houston Texans,Linebacker
Marshall,Nazeeh Johnson,Kansas City Chiefs,Safety
Marshall,Dalton Tucker,Indianapolis Colts,Guard
Maryland,Spencer Anderson,Pittsburgh Steelers,Guard
Maryland,Deonte Banks,New York Giants,Cornerback
Maryland,Jakorian Bennett,Las Vegas Raiders,Cornerback
Maryland,Beau Brade,Baltimore Ravens,Safety
Maryland,Byron Cowart,Chicago Bears,Defensive Tackle
Maryland,Nick Cross,Indianapolis Colts,Safety
Maryland,Michael Dunn,Cleveland Browns,Guard
Maryland,DJ Glaze,Las Vegas Raiders,Offensive Tackle
Maryland,Rakim Jarrett,Tampa Bay Buccaneers,Wide Receiver
Maryland,Quinton Jefferson,Cleveland Browns,Defensive Tackle
Maryland,Ty Johnson,Buffalo Bills,Running Back
Maryland,DJ Moore,Chicago Bears,Wide Receiver
Maryland,Yannick Ngakoue,Baltimore Ravens,Defensive End
Maryland,Chig Okonkwo,Tennessee Titans,Tight End
Maryland,Sam Okuayinonu,San Francisco 49ers,Defensive Tackle
Maryland,Chad Ryland,Arizona Cardinals,Place kicker
Maryland,Darnell Savage,Jacksonville Jaguars,Safety
Maryland,Tarheeb Still,Los Angeles Chargers,Cornerback
Massachusetts,Isaiah Rodgers,Philadelphia Eagles,Cornerback
Massachusetts,Elijah Wilkinson,Atlanta Falcons,Offensive Tackle
Memphis,Calvin Austin III,Pittsburgh Steelers,Wide Receiver
Memphis,Genard Avery,Indianapolis Colts,Defensive End
Memphis,Jake Elliott,Philadelphia Eagles,Place kicker
Memphis,Kenneth Gainwell,Philadelphia Eagles,Running Back
Memphis,Antonio Gibson,New England Patriots,Running Back
Memphis,Bryce Huff,Philadelphia Eagles,Defensive End
Memphis,Arthur Maulet,Baltimore Ravens,Cornerback
Memphis,Dylan Parham,Las Vegas Raiders,Guard
Memphis,Tony Pollard,Tennessee Titans,Running Back
Memphis,J.J. Russell,Tampa Bay Buccaneers,Linebacker
Memphis,Patrick Taylor Jr.,San Francisco 49ers,Running Back
Miami,Calais Campbell,Miami Dolphins,Defensive Tackle
Miami,DeeJay Dallas,Arizona Cardinals,Running Back
Miami,Travis Homer,Chicago Bears,Running Back
Miami,DJ Ivey,Cincinnati Bengals,Cornerback
Miami,Michael Jackson,Carolina Panthers,Cornerback
Miami,Kamren Kinchens,Los Angeles Rams,Safety
Miami,Matt Lee,Cincinnati Bengals,Center
Miami,Will Mallory,Indianapolis Colts,Tight End
Miami,David Njoku,Cleveland Browns,Tight End
Miami,K.J. Osborn,New England Patriots,Wide Receiver
Miami,Denzel Perryman,Los Angeles Chargers,Linebacker
Miami,Greg Rousseau,Buffalo Bills,Defensive End
Miami,Tyrique Stevenson,Chicago Bears,Cornerback
Miami,Leonard Taylor III,New York Jets,Defensive Tackle
Miami,James Williams,Tennessee Titans,Linebacker
Miami (OH),Mike Brown,Tennessee Titans,Safety
Miami (OH),Dominique Robinson,Chicago Bears,Defensive End
Michigan,AJ Barner,Seattle Seahawks,Tight End
Michigan,Ronnie Bell,San Francisco 49ers,Wide Receiver
Michigan,Ben Bredeson,Tampa Bay Buccaneers,Guard
Michigan,Devin Bush,Cleveland Browns,Linebacker
Michigan,Mason Cole,Pittsburgh Steelers,Center
Michigan,Junior Colson,Los Angeles Chargers,Linebacker
Michigan,Blake Corum,Los Angeles Rams,Running Back
Michigan,Mike Danna,Kansas City Chiefs,Defensive End
Michigan,Rashan Gary,Green Bay Packers,Defensive End
Michigan,Graham Glasgow,Detroit Lions,Guard
Michigan,Brandon Graham,Philadelphia Eagles,Defensive End
Michigan,Jaylen Harrell,Tennessee Titans,Linebacker
Michigan,Hassan Haskins,Los Angeles Chargers,Running Back
Michigan,Khaleke Hudson,Cleveland Browns,Linebacker
Michigan,Maurice Hurst II,Cleveland Browns,Defensive Tackle
Michigan,Kris Jenkins Jr.,Cincinnati Bengals,Defensive Tackle
Michigan,Trevor Keegan,Philadelphia Eagles,Guard
Michigan,Jourdan Lewis,Dallas Cowboys,Cornerback
Michigan,David Long Jr.,Indianapolis Colts,Cornerback
Michigan,Braiden McGregor,New York Jets,Defensive End
Michigan,Cameron McGrone,Indianapolis Colts,Linebacker
Michigan,Josh Metellus,Minnesota Vikings,Safety
Michigan,Jake Moody,San Francisco 49ers,Place kicker
Michigan,Mike Morris,Seattle Seahawks,Defensive End
Michigan,David Ojabo,Baltimore Ravens,Linebacker
Michigan,Olu Oluwatimi,Seattle Seahawks,Center
Michigan,Mike Onwenu,New England Patriots,Offensive Tackle
Michigan,Kwity Paye,Indianapolis Colts,Defensive End
Michigan,Jabrill Peppers,New England Patriots,Safety
Michigan,Josh Ross,Seattle Seahawks,Linebacker
Michigan,Cesar Ruiz,New Orleans Saints,Center
Michigan,Jon Runyan,New York Giants,Guard
Michigan,Mike Sainristil,Washington Commanders,Cornerback
Michigan,Luke Schoonmaker,Dallas Cowboys,Tight End
Michigan,Mazi Smith,Dallas Cowboys,Defensive Tackle
Michigan,Andrew Stueber,Cincinnati Bengals,Offensive Tackle
Michigan,DJ Turner II,Cincinnati Bengals,Cornerback
Michigan,Joshua Uche,Kansas City Chiefs,Linebacker
Michigan,Josh Wallace,Los Angeles Rams,Cornerback
Michigan,Zak Zinter,Cleveland Browns,Guard
Michigan State,Joe Bachie,Cincinnati Bengals,Linebacker
Michigan State,Bryce Baringer,New England Patriots,Punter
Michigan State,Le'Veon Bell,Tampa Bay Buccaneers,Running Back
Michigan State,Jack Conklin,Cleveland Browns,Offensive Tackle
Michigan State,Kirk Cousins,Atlanta Falcons,Quarterback
Michigan State,William Gholston,Tampa Bay Buccaneers,Defensive End
Michigan State,Connor Heyward,Pittsburgh Steelers,Tight End
Michigan State,Brian Hoyer,Las Vegas Raiders,Quarterback
Michigan State,Naquan Jones,Arizona Cardinals,Defensive Tackle
Michigan State,Jalen Nailor,Minnesota Vikings,Wide Receiver
Michigan State,Taybor Pepper,San Francisco 49ers,Long Snapper
Michigan State,Jayden Reed,Green Bay Packers,Wide Receiver
Michigan State,Nick Samac,Baltimore Ravens,Center
Michigan State,Ben VanSumeren,Philadelphia Eagles,Linebacker
Michigan State,Kenneth Walker III,Seattle Seahawks,Running Back
Michigan State,Jacoby Windmon,Carolina Panthers,Linebacker
Middle Tennessee,Reed Blankenship,Philadelphia Eagles,Safety
Middle Tennessee,Kevin Byard III,Chicago Bears,Safety
Middle Tennessee,Robert Jones,Miami Dolphins,Guard
Middle Tennessee,Charvarius Ward,San Francisco 49ers,Cornerback
Minnesota,Rashod Bateman,Baltimore Ravens,Wide Receiver
Minnesota,De'Vondre Campbell,San Francisco 49ers,Linebacker
Minnesota,Blake Cashman,Minnesota Vikings,Linebacker
Minnesota,Daniel Faalele,Baltimore Ravens,Offensive Tackle
Minnesota,Jack Gibbens,Tennessee Titans,Linebacker
Minnesota,Jordan Howden,New Orleans Saints,Safety
Minnesota,Tyler Johnson,Los Angeles Rams,Wide Receiver
Minnesota,Ko Kieft,Tampa Bay Buccaneers,Tight End
Minnesota,Boye Mafe,Seattle Seahawks,Linebacker
Minnesota,Eric Murray,Houston Texans,Safety
Minnesota,Tyler Nubin,New York Giants,Safety
Minnesota,Esezi Otomewo,Jacksonville Jaguars,Defensive Tackle
Minnesota,John Michael Schmitz Jr.,New York Giants,Center
Minnesota,Terell Smith,Chicago Bears,Cornerback
Minnesota,Brevyn Spann-Ford,Dallas Cowboys,Tight End
Minnesota,Benjamin St-Juste,Washington Commanders,Cornerback
Minnesota,Antoine Winfield Jr.,Tampa Bay Buccaneers,Safety
Mississippi State,Denico Autry,Houston Texans,Defensive End
Mississippi State,Logan Cooke,Jacksonville Jaguars,Punter
Mississippi State,Charles Cross,Seattle Seahawks,Offensive Tackle
Mississippi State,Martin Emerson Jr.,Cleveland Browns,Cornerback
Mississippi State,Emmanuel Forbes Jr.,Washington Commanders,Cornerback
Mississippi State,Willie Gay,New Orleans Saints,Linebacker
Mississippi State,J.T. Gray,New Orleans Saints,Safety
Mississippi State,Elgton Jenkins,Green Bay Packers,Guard
Mississippi State,Chris Jones,Kansas City Chiefs,Defensive Tackle
Mississippi State,Dak Prescott,Dallas Cowboys,Quarterback
Mississippi State,Decamerion Richardson,Las Vegas Raiders,Cornerback
Mississippi State,Jeffery Simmons,Tennessee Titans,Defensive Tackle
Mississippi State,Darius Slay Jr.,Philadelphia Eagles,Cornerback
Mississippi State,Preston Smith,Green Bay Packers,Defensive End
Mississippi State,Montez Sweat,Chicago Bears,Defensive End
Mississippi State,Corliss Waitman,Pittsburgh Steelers,Punter
Mississippi State,Nathaniel Watson,Cleveland Browns,Linebacker
Mississippi State,Tyrus Wheat,Dallas Cowboys,Defensive End
Mississippi State,Cameron Young,Seattle Seahawks,Defensive Tackle
Missouri,Kris Abrams-Draine,Denver Broncos,Cornerback
Missouri,Nick Bolton,Kansas City Chiefs,Linebacker
Missouri,Trystan Colon,Arizona Cardinals,Center
Missouri,Jordan Elliott,San Francisco 49ers,Defensive Tackle
Missouri,Akayleb Evans,Minnesota Vikings,Cornerback
Missouri,Javon Foster,Jacksonville Jaguars,Offensive Tackle
Missouri,Charles Harris,Carolina Panthers,Linebacker
Missouri,Ty'Ron Hopper,Green Bay Packers,Linebacker
Missouri,Drew Lock,New York Giants,Quarterback
Missouri,Connor McGovern,New Orleans Saints,Center
Missouri,Isaiah McGuire,Cleveland Browns,Defensive End
Missouri,Mitch Morse,Jacksonville Jaguars,Center
Missouri,Ennis Rakestraw Jr.,Detroit Lions,Cornerback
Missouri,Darius Robinson,Arizona Cardinals,Defensive End
Missouri,Cody Schrader,Los Angeles Rams,Running Back
Missouri S&T,Tershawn Wharton,Kansas City Chiefs,Defensive Tackle
Missouri State,Eric Johnson II,New England Patriots,Defensive Tackle
Missouri Western,Jonathan Owens,Chicago Bears,Safety
Missouri Western,Sam Webb,Las Vegas Raiders,Cornerback
Montana,Dylan Cook,Pittsburgh Steelers,Offensive Tackle
Montana State,Troy Andersen,Atlanta Falcons,Linebacker
Montana State,Daniel Hardy,Chicago Bears,Defensive End
Murray State,Brian Thomas,null Unknown,Unknown
Murray State,Quincy Williams,New York Jets,Linebacker
Navy,Joe Cardona,New England Patriots,Long Snapper
NC State,Garrett Bradbury,Minnesota Vikings,Center
NC State,Jacoby Brissett,New England Patriots,Quarterback
NC State,AJ Cole,Las Vegas Raiders,Punter
NC State,Ikem Ekwonu,Carolina Panthers,Offensive Tackle
NC State,Trenton Gill,Tampa Bay Buccaneers,Punter
NC State,B.J. Hill,Cincinnati Bengals,Defensive Tackle
NC State,Dylan McMahon,Los Angeles Rams,Center
NC State,Alim McNeill,Detroit Lions,Defensive Tackle
NC State,Jakobi Meyers,Las Vegas Raiders,Wide Receiver
NC State,Germaine Pratt,Cincinnati Bengals,Linebacker
NC State,James Smith-Williams,Atlanta Falcons,Defensive End
NC State,Kentavius Street,Atlanta Falcons,Defensive Tackle
NC State,Drake Thomas,Seattle Seahawks,Linebacker
NC State,Joe Thuney,Kansas City Chiefs,Guard
NC State,Payton Wilson,Pittsburgh Steelers,Linebacker
NC State,Chandler Zavala,Carolina Panthers,Guard
Nebraska,Ameer Abdullah,Las Vegas Raiders,Running Back
Nebraska,Prince Amukamara,New York Giants,Cornerback
Nebraska,Dicaprio Bootle,Los Angeles Chargers,Cornerback
Nebraska,Josh Brown,New York Giants,Place kicker
Nebraska,Maliek Collins,San Francisco 49ers,Defensive Tackle
Nebraska,Lavonte David,Tampa Bay Buccaneers,Linebacker
Nebraska,Khalil Davis,Houston Texans,Defensive Tackle
Nebraska,Nick Gates,Philadelphia Eagles,Center
Nebraska,Luke Gifford,Tennessee Titans,Linebacker
Nebraska,Brenden Jaimes,Los Angeles Chargers,Guard
Nebraska,Cam Jurgens,Philadelphia Eagles,Center
Nebraska,Ochaun Mathis,New England Patriots,Linebacker
Nebraska,Trey Palmer,Tampa Bay Buccaneers,Wide Receiver
Nebraska,Jack Stoll,Philadelphia Eagles,Tight End
Nebraska,Cam Taylor-Britt,Cincinnati Bengals,Cornerback
Nebraska,Travis Vokolek,Arizona Cardinals,Tight End
Nevada,Joel Bitonio,Cleveland Browns,Guard
Nevada,Romeo Doubs,Green Bay Packers,Wide Receiver
New Hampshire,Dylan Laube,Las Vegas Raiders,Running Back
New Mexico,Corey Bojorquez,Cleveland Browns,Punter
New Mexico,Jerrick Reed II,Seattle Seahawks,Safety
New Mexico,D'Angelo Ross,Houston Texans,Cornerback
New Mexico,Jason Sanders,Miami Dolphins,Place kicker
North Carolina,Dyami Brown,Washington Commanders,Wide Receiver
North Carolina,Ty Chandler,Minnesota Vikings,Running Back
North Carolina,Josh Downs,Indianapolis Colts,Wide Receiver
North Carolina,Joshua Ezeudu,New York Giants,Guard
North Carolina,Amari Gainer,Las Vegas Raiders,Linebacker
North Carolina,Cedric Gray,Tennessee Titans,Linebacker
North Carolina,Charlie Heck,Arizona Cardinals,Offensive Tackle
North Carolina,Mack Hollins,Buffalo Bills,Wide Receiver
North Carolina,Sam Howell,Seattle Seahawks,Quarterback
North Carolina,Drake Maye,New England Patriots,Quarterback
North Carolina,Asim Richards,Dallas Cowboys,Offensive Tackle
North Carolina,M.J. Stewart,Houston Texans,Safety
North Carolina,Chazz Surratt,New York Jets,Linebacker
North Carolina,Mitchell Trubisky,Buffalo Bills,Quarterback
North Carolina,Devontez Walker,Baltimore Ravens,Wide Receiver
North Carolina,Javonte Williams,Denver Broncos,Running Back
North Carolina A&T,Brad Holmes,null Unknown,Unknown
North Carolina A&T,Brandon Parker,Atlanta Falcons,Offensive Tackle
North Carolina Central,Brandon Codrington,Buffalo Bills,Cornerback
North Dakota,Matt Waletzko,Dallas Cowboys,Offensive Tackle
North Dakota State,Chris Board,Baltimore Ravens,Linebacker
North Dakota State,Jake Kubas,New York Giants,Guard
North Dakota State,Trey Lance,Dallas Cowboys,Quarterback
North Dakota State,Hunter Luepke,Dallas Cowboys,Running Back
North Dakota State,Cody Mauch,Tampa Bay Buccaneers,Guard
North Dakota State,Dillon Radunz,Tennessee Titans,Offensive Tackle
North Dakota State,Easton Stick,Los Angeles Chargers,Quarterback
North Dakota State,Jalen Sundell,Seattle Seahawks,Offensive Tackle
North Dakota State,Cordell Volson,Cincinnati Bengals,Guard
North Dakota State,Christian Watson,Green Bay Packers,Wide Receiver
North Dakota State,Carson Wentz,Kansas City Chiefs,Quarterback
North Texas,Jaelon Darden,Cleveland Browns,Wide Receiver
North Texas,Jeff Wilson Jr.,Miami Dolphins,Running Back
Northern Arizona,Khalil Dorsey,Detroit Lions,Cornerback
Northern Colorado,Jacob Bobenmoyer,Las Vegas Raiders,Long Snapper
Northern Illinois,Max Scharping,Pittsburgh Steelers,Guard
Northern Illinois,Jimmie Ward,Houston Texans,Safety
Northern Iowa,Khristian Boyd,New Orleans Saints,Defensive Tackle
Northern Iowa,Spencer Brown,Buffalo Bills,Offensive Tackle
Northern Iowa,Elijah Campbell,Miami Dolphins,Safety
Northern Iowa,Trevor Penning,New Orleans Saints,Offensive Tackle
Northwestern,Adetomiwa Adebawore,Indianapolis Colts,Defensive Tackle
Northwestern,Earnest Brown IV,Tampa Bay Buccaneers,Defensive End
Northwestern,Blake Hance,Jacksonville Jaguars,Guard
Northwestern,Justin Jackson,Detroit Lions,Running Back
Northwestern,Dean Lowry,Pittsburgh Steelers,Defensive Tackle
Northwestern,Cameron Mitchell,Cleveland Browns,Cornerback
Northwestern,Greg Newsome II,Cleveland Browns,Cornerback
Northwestern,Peter Skoronski,Tennessee Titans,Offensive Tackle
Northwestern,Rashawn Slater,Los Angeles Chargers,Offensive Tackle
Northwestern,Anthony Walker Jr.,Miami Dolphins,Linebacker
Notre Dame,Joe Alt,Los Angeles Chargers,Offensive Tackle
Notre Dame,Brandon Aubrey,Dallas Cowboys,Place kicker
Notre Dame,Aaron Banks,San Francisco 49ers,Guard
Notre Dame,JD Bertrand,Atlanta Falcons,Linebacker
Notre Dame,Scott Daly,Chicago Bears,Long Snapper
Notre Dame,Sheldon Day,Washington Commanders,Defensive Tackle
Notre Dame,Liam Eichenberg,Miami Dolphins,Offensive Tackle
Notre Dame,Audric Estime,Denver Broncos,Running Back
Notre Dame,Blake Fisher,Houston Texans,Offensive Tackle
Notre Dame,Isaiah Foskey,New Orleans Saints,Defensive End
Notre Dame,Alohi Gilman,Los Angeles Chargers,Safety
Notre Dame,Blake Grupe,New Orleans Saints,Place kicker
Notre Dame,Robert Hainsey,Tampa Bay Buccaneers,Center
Notre Dame,Kyle Hamilton,Baltimore Ravens,Safety
Notre Dame,Thomas Harper,Las Vegas Raiders,Safety
Notre Dame,Cam Hart,Los Angeles Chargers,Cornerback
Notre Dame,Kurt Hinish,Houston Texans,Defensive Tackle
Notre Dame,JJ Jansen,Carolina Panthers,Long Snapper
Notre Dame,Brandon Joseph,Detroit Lions,Safety
Notre Dame,Cole Kmet,Chicago Bears,Tight End
Notre Dame,Marist Liufau,Dallas Cowboys,Linebacker
Notre Dame,Julian Love,Seattle Seahawks,Safety
Notre Dame,Zack Martin,Dallas Cowboys,Guard
Notre Dame,Nick McCloud,New York Giants,Cornerback
Notre Dame,Mike McGlinchey,Denver Broncos,Offensive Tackle
Notre Dame,Sam Mustipher,Los Angeles Chargers,Center
Notre Dame,Quenton Nelson,Indianapolis Colts,Guard
Notre Dame,Julian Okwara,Arizona Cardinals,Linebacker
Notre Dame,Jeremiah Owusu-Koramoah,Cleveland Browns,Linebacker
Notre Dame,Jarrett Patterson,Houston Texans,Center
Notre Dame,Harrison Smith,Minnesota Vikings,Safety
Notre Dame,Durham Smythe,Miami Dolphins,Tight End
Notre Dame,Ronnie Stanley,Baltimore Ravens,Offensive Tackle
Notre Dame,Jerry Tillery,Minnesota Vikings,Defensive Tackle
Notre Dame,Drue Tranquill,Kansas City Chiefs,Linebacker
Notre Dame,Tommy Tremble,Carolina Panthers,Tight End
Notre Dame,Kyren Williams,Los Angeles Rams,Running Back
Notre Dame,Brock Wright,Detroit Lions,Tight End
Ohio State,Jerome Baker,Tennessee Titans,Linebacker
Ohio State,Vonn Bell,Cincinnati Bengals,Safety
Ohio State,Joey Bosa,Los Angeles Chargers,Linebacker
Ohio State,Nick Bosa,San Francisco 49ers,Defensive End
Ohio State,Noah Brown,Washington Commanders,Wide Receiver
Ohio State,Baron Browning,Denver Broncos,Linebacker
Ohio State,Jonathon Cooper,Denver Broncos,Linebacker
Ohio State,Taylor Decker,Detroit Lions,Offensive Tackle
Ohio State,J.K. Dobbins,Los Angeles Chargers,Running Back
Ohio State,Tommy Eichenberg,Las Vegas Raiders,Linebacker
Ohio State,Ezekiel Elliott,Dallas Cowboys,Running Back
Ohio State,Luke Farrell,Jacksonville Jaguars,Tight End
Ohio State,Justin Fields,Pittsburgh Steelers,Quarterback
Ohio State,Mike Hall Jr.,Cleveland Browns,Defensive Tackle
Ohio State,DaVon Hamilton,Jacksonville Jaguars,Defensive Tackle
Ohio State,Johnathan Hankins,Seattle Seahawks,Defensive Tackle
Ohio State,Malik Harrison,Baltimore Ravens,Linebacker
Ohio State,Zach Harrison,Atlanta Falcons,Defensive End
Ohio State,Marvin Harrison Jr.,Arizona Cardinals,Wide Receiver
Ohio State,Cameron Heyward,Pittsburgh Steelers,Defensive Tackle
Ohio State,Ronnie Hickman,Cleveland Browns,Safety
Ohio State,Jalyn Holmes,Washington Commanders,Defensive Tackle
Ohio State,Malik Hooker,Dallas Cowboys,Safety
Ohio State,Sam Hubbard,Cincinnati Bengals,Defensive End
Ohio State,Paris Johnson Jr.,Arizona Cardinals,Offensive Tackle
Ohio State,Dre'Mont Jones,Seattle Seahawks,Defensive End
Ohio State,Dawand Jones,Cleveland Browns,Offensive Tackle
Ohio State,Michael Jordan,New England Patriots,Guard
Ohio State,Marshon Lattimore,New Orleans Saints,Cornerback
Ohio State,Liam McCullough,Atlanta Falcons,Long Snapper
Ohio State,Terry McLaurin,Washington Commanders,Wide Receiver
Ohio State,Raekwon McMillan,New England Patriots,Linebacker
Ohio State,Thayer Munford Jr.,Las Vegas Raiders,Offensive Tackle
Ohio State,Josh Myers,Green Bay Packers,Center
Ohio State,Chris Olave,New Orleans Saints,Wide Receiver
Ohio State,Nicholas Petit-Frere,Tennessee Titans,Offensive Tackle
Ohio State,Jeremy Ruckert,New York Jets,Tight End
Ohio State,Curtis Samuel,Buffalo Bills,Wide Receiver
Ohio State,Trey Sermon,Indianapolis Colts,Running Back
Ohio State,Jaxon Smith-Njigba,Seattle Seahawks,Wide Receiver
Ohio State,Cade Stover,Houston Texans,Tight End
Ohio State,C.J. Stroud,Houston Texans,Quarterback
Ohio State,Nick Vannett,Tennessee Titans,Tight End
Ohio State,Denzel Ward,Cleveland Browns,Cornerback
Ohio State,Pete Werner,New Orleans Saints,Linebacker
Ohio State,Garrett Wilson,New York Jets,Wide Receiver
Ohio State,Chase Young,New Orleans Saints,Defensive End
Oklahoma,Mark Andrews,Baltimore Ravens,Tight End
Oklahoma,Brian Asamoah II,Minnesota Vikings,Linebacker
Oklahoma,Nik Bonitto,Denver Broncos,Linebacker
Oklahoma,Tre Brown,Seattle Seahawks,Cornerback
Oklahoma,Orlando Brown Jr.,Cincinnati Bengals,Offensive Tackle
Oklahoma,Cody Ford,Cincinnati Bengals,Guard
Oklahoma,Neville Gallimore,Los Angeles Rams,Defensive Tackle
Oklahoma,Eric Gray,New York Giants,Running Back
Oklahoma,Tyler Guyton,Dallas Cowboys,Offensive Tackle
Oklahoma,Anton Harrison,Jacksonville Jaguars,Offensive Tackle
Oklahoma,Creed Humphrey,Kansas City Chiefs,Center
Oklahoma,Jalen Hurts,Philadelphia Eagles,Quarterback
Oklahoma,Lane Johnson,Philadelphia Eagles,Offensive Tackle
Oklahoma,CeeDee Lamb,Dallas Cowboys,Wide Receiver
Oklahoma,Jonah Laulu,Las Vegas Raiders,Defensive Tackle
Oklahoma,Baker Mayfield,Tampa Bay Buccaneers,Quarterback
Oklahoma,Marvin Mims Jr.,Denver Broncos,Wide Receiver
Oklahoma,Joe Mixon,Houston Texans,Running Back
Oklahoma,Wanya Morris,Kansas City Chiefs,Offensive Tackle
Oklahoma,Kyler Murray,Arizona Cardinals,Quarterback
Oklahoma,Kenneth Murray Jr.,Tennessee Titans,Linebacker
Oklahoma,Ogbo Okoronkwo,Cleveland Browns,Defensive End
Oklahoma,Samaje Perine,Kansas City Chiefs,Running Back
Oklahoma,Ben Powers,Denver Broncos,Guard
Oklahoma,Walter Rouse,Minnesota Vikings,Offensive Tackle
Oklahoma,Austin Seibert,Washington Commanders,Place kicker
Oklahoma,Sterling Shepard,Tampa Bay Buccaneers,Wide Receiver
Oklahoma,Rhamondre Stevenson,New England Patriots,Running Back
Oklahoma,Isaiah Thomas,Detroit Lions,Defensive End
Oklahoma,Tress Way,Washington Commanders,Punter
Oklahoma,Trent Williams,San Francisco 49ers,Offensive Tackle
Oklahoma,Brayden Willis,San Francisco 49ers,Tight End
Oklahoma,James Winchester,Kansas City Chiefs,Long Snapper
Oklahoma State,Justice Hill,Baltimore Ravens,Running Back
Oklahoma State,Chuba Hubbard,Carolina Panthers,Running Back
Oklahoma State,Teven Jenkins,Chicago Bears,Guard
Oklahoma State,Tyler Lacy,Jacksonville Jaguars,Defensive Tackle
Oklahoma State,Emmanuel Ogbah,Miami Dolphins,Linebacker
Oklahoma State,Amen Ogbongbemiga,Chicago Bears,Linebacker
Oklahoma State,Malcolm Rodriguez,Detroit Lions,Linebacker
Oklahoma State,Mason Rudolph,Tennessee Titans,Quarterback
Oklahoma State,Tylan Wallace,Baltimore Ravens,Wide Receiver
Oklahoma State,Jaylen Warren,Pittsburgh Steelers,Running Back
Old Dominion,Tre Hawkins III,New York Giants,Cornerback
Old Dominion,Taylor Heinicke,Los Angeles Chargers,Quarterback
Old Dominion,Rick Lovato,Philadelphia Eagles,Long Snapper
Old Dominion,Zach Pascal,Arizona Cardinals,Wide Receiver
Old Dominion,Nick Saldiveri,New Orleans Saints,Offensive Tackle
Old Dominion,Stone Smartt,Los Angeles Chargers,Tight End
Ole Miss,Daijahn Anthony,Cincinnati Bengals,Safety
Ole Miss,Nick Broeker,Houston Texans,Guard
Ole Miss,A.J. Brown,Philadelphia Eagles,Wide Receiver
Ole Miss,Ben Brown,New England Patriots,Center
Ole Miss,Evan Engram,Jacksonville Jaguars,Tight End
Ole Miss,AJ Finley,Los Angeles Chargers,Safety
Ole Miss,Malik Heath,Green Bay Packers,Wide Receiver
Ole Miss,Mike Hilton,Cincinnati Bengals,Cornerback
Ole Miss,Cedric Johnson,Cincinnati Bengals,Defensive End
Ole Miss,D.J. Jones,Denver Broncos,Defensive Tackle
Ole Miss,Benito Jones,Miami Dolphins,Defensive Tackle
Ole Miss,Jaylon Jones,Chicago Bears,Cornerback
Ole Miss,Dawson Knox,Buffalo Bills,Tight End
Ole Miss,DK Metcalf,Seattle Seahawks,Wide Receiver
Ole Miss,Jonathan Mingo,Carolina Panthers,Wide Receiver
Ole Miss,Elijah Moore,Cleveland Browns,Wide Receiver
Ole Miss,Royce Newman,Tampa Bay Buccaneers,Guard
Ole Miss,De'Antre Prince,Jacksonville Jaguars,Cornerback
Ole Miss,Otis Reese IV,Tennessee Titans,Linebacker
Ole Miss,Mark Robinson,Pittsburgh Steelers,Linebacker
Ole Miss,Tavius Robinson,Baltimore Ravens,Linebacker
Ole Miss,Laremy Tunsil,Houston Texans,Offensive Tackle
Oregon,Ugo Amadi,New Orleans Saints,Safety
Oregon,Arik Armstead,Jacksonville Jaguars,Defensive End
Oregon,T.J. Bass,Dallas Cowboys,Guard
Oregon,Pharaoh Brown,Seattle Seahawks,Tight End
Oregon,DeForest Buckner,Indianapolis Colts,Defensive Tackle
Oregon,Brandon Dorlus,Atlanta Falcons,Defensive Tackle
Oregon,Troy Dye,Los Angeles Chargers,Linebacker
Oregon,Alex Forsyth,Denver Broncos,Center
Oregon,Troy Franklin,Denver Broncos,Wide Receiver
Oregon,Christian Gonzalez,New England Patriots,Cornerback
Oregon,Jake Hanson,New York Jets,Center
Oregon,Justin Herbert,Los Angeles Chargers,Quarterback
Oregon,Jamal Hill,Houston Texans,Linebacker
Oregon,Jevon Holland,Miami Dolphins,Safety
Oregon,Bucky Irving,Tampa Bay Buccaneers,Running Back
Oregon,Juwan Johnson,New Orleans Saints,Tight End
Oregon,DJ Johnson,Carolina Panthers,Linebacker
Oregon,Deommodore Lenoir,San Francisco 49ers,Cornerback
Oregon,Marcus Mariota,Washington Commanders,Quarterback
Oregon,Johnny Mundt,Minnesota Vikings,Tight End
Oregon,Bo Nix,Denver Broncos,Quarterback
Oregon,Jackson Powers-Johnson,Las Vegas Raiders,Guard
Oregon,Jordon Riley,New York Giants,Defensive Tackle
Oregon,Penei Sewell,Detroit Lions,Offensive Tackle
Oregon,Noah Sewell,Chicago Bears,Linebacker
Oregon,Taki Taimani,Minnesota Vikings,Defensive Tackle
Oregon,Evan Williams,Green Bay Packers,Safety
Oregon State,Blake Brandel,Minnesota Vikings,Guard
Oregon State,Taliese Fuaga,New Orleans Saints,Offensive Tackle
Oregon State,Anthony Gould,Indianapolis Colts,Wide Receiver
Oregon State,Johnny Hekker,Carolina Panthers,Punter
Oregon State,Kitan Oladapo,Green Bay Packers,Safety
Oregon State,Jordan Poyer,Miami Dolphins,Safety
Oregon State,Teagan Quitoriano,Houston Texans,Tight End
Oregon State,Isaac Seumalo,Pittsburgh Steelers,Guard
Penn State,Saquon Barkley,Philadelphia Eagles,Running Back
Penn State,Jaquan Brisker,Chicago Bears,Safety
Penn State,Ji'Ayir Brown,San Francisco 49ers,Safety
Penn State,Jahan Dotson,Philadelphia Eagles,Wide Receiver
Penn State,Arnold Ebiketie,Atlanta Falcons,Linebacker
Penn State,Olu Fashanu,New York Jets,Offensive Tackle
Penn State,Pat Freiermuth,Pittsburgh Steelers,Tight End
Penn State,Mike Gesicki,Cincinnati Bengals,Tight End
Penn State,Blake Gillikin,Arizona Cardinals,Punter
Penn State,Kevin Givens,San Francisco 49ers,Defensive Tackle
Penn State,Adisa Isaac,Baltimore Ravens,Linebacker
Penn State,Curtis Jacobs,New England Patriots,Linebacker
Penn State,Austin Johnson,Buffalo Bills,Defensive Tackle
Penn State,Theo Johnson,New York Giants,Tight End
Penn State,DaQuan Jones,Buffalo Bills,Defensive Tackle
Penn State,Jesse Luketa,Arizona Cardinals,Linebacker
Penn State,Connor McGovern,Buffalo Bills,Guard
Penn State,Hunter Nourzad,Kansas City Chiefs,Center
Penn State,Odafe Oweh,Baltimore Ravens,Linebacker
Penn State,Micah Parsons,Dallas Cowboys,Linebacker
Penn State,Joey Porter Jr.,Pittsburgh Steelers,Cornerback
Penn State,Allen Robinson,Detroit Lions,Wide Receiver
Penn State,Chop Robinson,Miami Dolphins,Linebacker
Penn State,Miles Sanders,Carolina Panthers,Running Back
Penn State,Juice Scruggs,Houston Texans,Center
Penn State,Chris Stoll,Seattle Seahawks,Long Snapper
Penn State,Jordan Stout,Baltimore Ravens,Punter
Penn State,Brenton Strange,Jacksonville Jaguars,Tight End
Penn State,Rasheed Walker,Green Bay Packers,Offensive Tackle
Penn State,Parker Washington,Jacksonville Jaguars,Wide Receiver
Pennsylvania,Greg Van Roten,New York Giants,Guard
Pennsylvania,Justin Watson,Kansas City Chiefs,Wide Receiver
PennWest California,C.J. Goodwin,Dallas Cowboys,Cornerback
Pittsburg St,Rico Payton,New Orleans Saints,Cornerback
Pittsburgh,Israel Abanikanda,New York Jets,Running Back
Pittsburgh,Cal Adomitis,Cincinnati Bengals,Long Snapper
Pittsburgh,Tyler Boyd,Tennessee Titans,Wide Receiver
Pittsburgh,James Conner,Arizona Cardinals,Running Back
Pittsburgh,Matt Goncalves,Indianapolis Colts,Offensive Tackle
Pittsburgh,Damar Hamlin,Buffalo Bills,Safety
Pittsburgh,Dane Jackson,Carolina Panthers,Cornerback
Pittsburgh,Pat Jones II,Minnesota Vikings,Linebacker
Pittsburgh,Calijah Kancey,Tampa Bay Buccaneers,Defensive Tackle
Pittsburgh,Lucas Krull,Denver Broncos,Tight End
Pittsburgh,Avonte Maddox,Philadelphia Eagles,Cornerback
Pittsburgh,Damarri Mathis,Denver Broncos,Cornerback
Pittsburgh,Bub Means,New Orleans Saints,Wide Receiver
Pittsburgh,Brian O'Neill,Minnesota Vikings,Offensive Tackle
Pittsburgh,Kenny Pickett,Philadelphia Eagles,Quarterback
Pittsburgh,Jason Pinnock,New York Giants,Safety
Pittsburgh,DJ Turner,Las Vegas Raiders,Wide Receiver
Pittsburgh,Carter Warren,New York Jets,Offensive Tackle
Pittsburgh,Jordan Whitehead,Tampa Bay Buccaneers,Safety
Prairie View A&M,Quinton Bell,Miami Dolphins,Linebacker
Prairie View A&M,KhaDarel Hodge,Atlanta Falcons,Wide Receiver
Princeton,Andrei Iosivas,Cincinnati Bengals,Wide Receiver
Purdue,Payne Durham,Tampa Bay Buccaneers,Tight End
Purdue,Jalen Graham,San Francisco 49ers,Linebacker
Purdue,Charlie Jones,Cincinnati Bengals,Wide Receiver
Purdue,Sanoussi Kane,Baltimore Ravens,Safety
Purdue,George Karlaftis,Kansas City Chiefs,Defensive End
Purdue,Raheem Mostert,Miami Dolphins,Running Back
Purdue,Tyrone Tracy Jr.,New York Giants,Running Back
Rice,Myles Adams,Seattle Seahawks,Defensive End
Rice,Chris Boswell,Pittsburgh Steelers,Place kicker
Rice,Jack Fox,Detroit Lions,Punter
Rice,Luke McCaffrey,Washington Commanders,Wide Receiver
Rutgers,Tre Avery,Tennessee Titans,Cornerback
Rutgers,Michael Burton,Denver Broncos,Fullback
Rutgers,Andrew DePaola,Minnesota Vikings,Long Snapper
Rutgers,Christian Izien,Tampa Bay Buccaneers,Safety
Rutgers,Sebastian Joseph-Day,Tennessee Titans,Defensive Tackle
Rutgers,Bo Melton,Green Bay Packers,Wide Receiver
Rutgers,Max Melton,Arizona Cardinals,Cornerback
Sacramento State,DeAndre Carter,Chicago Bears,Wide Receiver
Sacramento State,Marte Mapu,New England Patriots,Safety
Sacred Heart,Julius Chestnut,Tennessee Titans,Running Back
Saginaw Valley State,Trevor Nowaske,Detroit Lions,Linebacker
Saint John's (MN),Ben Bartch,San Francisco 49ers,Guard
Sam Houston,Zyon McCollum,Tampa Bay Buccaneers,Cornerback
Sam Houston,Tristin McCollum,Philadelphia Eagles,Safety
San Diego,Ross Dwelley,Atlanta Falcons,Tight End
San Diego,Josh Johnson,Baltimore Ravens,Quarterback
San Diego State,Matt Araiza,Kansas City Chiefs,Punter
San Diego State,Daniel Bellinger,New York Giants,Tight End
San Diego State,Aaron Brewer,Arizona Cardinals,Long Snapper
San Diego State,Daniel Brunskill,Tennessee Titans,Offensive Tackle
San Diego State,Darren Hall,Arizona Cardinals,Cornerback
San Diego State,Damontae Kazee,Pittsburgh Steelers,Safety
San Diego State,Kevin O'Connell,null Unknown,Unknown
San Diego State,Segun Olubi,Indianapolis Colts,Linebacker
San Diego State,Zach Thomas,New England Patriots,Offensive Tackle
San Diego State,Cameron Thomas,Kansas City Chiefs,Defensive End
San Jos State,Josh Oliver,Minnesota Vikings,Tight End
San Jos State,David Quessenberry,Minnesota Vikings,Offensive Tackle
Shepherd,Tyson Bagent,Chicago Bears,Quarterback
Shepherd,Dominique Jones,Miami Dolphins,Tight End
Sioux Falls,Trey Pipkins III,Los Angeles Chargers,Offensive Tackle
SMU,Kelvin Beachum,Arizona Cardinals,Offensive Tackle
SMU,Evan Brown,Arizona Cardinals,Center
SMU,Grant Calcaterra,Philadelphia Eagles,Tight End
SMU,Elijah Chatman,New York Giants,Defensive Tackle
SMU,Kylen Granson,Indianapolis Colts,Tight End
SMU,Thomas Morstead,New York Jets,Punter
SMU,Brandon Stephens,Baltimore Ravens,Cornerback
SMU,Courtland Sutton,Denver Broncos,Wide Receiver
SMU,Zach Wood,New Orleans Saints,Long Snapper
SMU,Charles Woods,Los Angeles Rams,Cornerback
South Alabama,Gerald Everett,Chicago Bears,Tight End
South Alabama,Darrell Luter Jr.,San Francisco 49ers,Cornerback
South Alabama,Jeremy Reaves,Washington Commanders,Safety
South Alabama,Jalen Tolbert,Dallas Cowboys,Wide Receiver
South Carolina,Nate Adkins,Denver Broncos,Tight End
South Carolina,Jalen Brooks,Dallas Cowboys,Wide Receiver
South Carolina,Jadeveon Clowney,Carolina Panthers,Linebacker
South Carolina,Marcellas Dial Jr.,New England Patriots,Cornerback
South Carolina,Rico Dowdle,Dallas Cowboys,Running Back
South Carolina,Kingsley Enagbare,Green Bay Packers,Defensive End
South Carolina,Stephon Gilmore,Minnesota Vikings,Cornerback
South Carolina,Jovaughn Gwyn,Atlanta Falcons,Guard
South Carolina,Jaycee Horn,Carolina Panthers,Cornerback
South Carolina,Hayden Hurst,Los Angeles Chargers,Tight End
South Carolina,Ernest Jones IV,Seattle Seahawks,Linebacker
South Carolina,Javon Kinlaw,New York Jets,Defensive Tackle
South Carolina,Chris Lammons,Indianapolis Colts,Cornerback
South Carolina,Xavier Legette,Carolina Panthers,Wide Receiver
South Carolina,Israel Mukuamu,Dallas Cowboys,Safety
South Carolina,Keisean Nixon,Green Bay Packers,Cornerback
South Carolina,Zacch Pickens,Chicago Bears,Defensive Tackle
South Carolina,Adam Prentice,New Orleans Saints,Fullback
South Carolina,Spencer Rattler,New Orleans Saints,Quarterback
South Carolina,Deebo Samuel Sr.,San Francisco 49ers,Wide Receiver
South Carolina,Brandon Shell,Buffalo Bills,Offensive Tackle
South Carolina,Cam Smith,Miami Dolphins,Cornerback
South Carolina State,Cobie Durant,Los Angeles Rams,Cornerback
South Carolina State,Antonio Hamilton Sr.,Atlanta Falcons,Cornerback
South Dakota,Jack Cochrane,Kansas City Chiefs,Linebacker
South Dakota State,Isaiah Davis,New York Jets,Running Back
South Dakota State,Dallas Goedert,Philadelphia Eagles,Tight End
South Dakota State,Tucker Kraft,Green Bay Packers,Tight End
South Dakota State,Mason McCormick,Pittsburgh Steelers,Guard
South Dakota State,Christian Rozeboom,Los Angeles Rams,Linebacker
South Dakota State,Pierre Strong Jr.,Cleveland Browns,Running Back
South Florida,Demontrey Jacobs,New England Patriots,Offensive Tackle
South Florida,D'Ernest Johnson,Jacksonville Jaguars,Running Back
South Florida,Marquez Valdes-Scantling,New Orleans Saints,Wide Receiver
Southeast Missouri State,Ryan Flournoy,Dallas Cowboys,Wide Receiver
Southeast Missouri State,Mike Ford Jr.,Cleveland Browns,Cornerback
Southern Arkansas,Tanner Hudson,Cincinnati Bengals,Tight End
Southern Illinois,Jeremy Chinn,Washington Commanders,Safety
Southern Illinois,MyCole Pruitt,Pittsburgh Steelers,Tight End
Southern Miss,Tim Jones,Jacksonville Jaguars,Wide Receiver
Southern Miss,Nick Mullens,Minnesota Vikings,Quarterback
Southern Miss,Rakeem Nunez-Roches,New York Giants,Defensive Tackle
Southern Utah,Braxton Jones,Chicago Bears,Offensive Tackle
Southern Utah,Miles Killebrew,Pittsburgh Steelers,Safety
Stanford,Jake Bailey,Miami Dolphins,Punter
Stanford,Ethan Bonner,Miami Dolphins,Cornerback
Stanford,Thomas Booker IV,Philadelphia Eagles,Defensive Tackle
Stanford,Zach Ertz,Washington Commanders,Tight End
Stanford,Simi Fehoko,Los Angeles Chargers,Wide Receiver
Stanford,Elijah Higgins,Arizona Cardinals,Tight End
Stanford,Austin Hooper,New England Patriots,Tight End
Stanford,Trenton Irwin,Cincinnati Bengals,Wide Receiver
Stanford,Joshua Karty,Los Angeles Rams,Place kicker
Stanford,Walker Little,Jacksonville Jaguars,Offensive Tackle
Stanford,Tanner McKee,Philadelphia Eagles,Quarterback
Stanford,Davis Mills,Houston Texans,Quarterback
Stanford,Bobby Okereke,New York Giants,Linebacker
Stanford,Colby Parkinson,Los Angeles Rams,Tight End
Stanford,Andrus Peat,Las Vegas Raiders,Guard
Stanford,Harrison Phillips,Minnesota Vikings,Defensive Tackle
Stanford,Justin Reid,Kansas City Chiefs,Safety
Stanford,Foster Sarell,Los Angeles Chargers,Offensive Tackle
Stanford,Dalton Schultz,Houston Texans,Tight End
Stanford,Solomon Thomas,New York Jets,Defensive End
Stanford,Casey Toohill,Buffalo Bills,Defensive End
Stanford,Michael Wilson,Arizona Cardinals,Wide Receiver
Stephen F. Austin,John Franklin-Myers,Denver Broncos,Defensive End
Stephen F. Austin,Xavier Gipson,New York Jets,Wide Receiver
Syracuse,Matthew Bergeron,Atlanta Falcons,Guard
Syracuse,Andre Cisco,Jacksonville Jaguars,Safety
Syracuse,Riley Dixon,Denver Broncos,Punter
Syracuse,Zaire Franklin,Indianapolis Colts,Linebacker
Syracuse,Justin Outten,null Unknown,Unknown
Syracuse,Sean Tucker,Tampa Bay Buccaneers,Running Back
Syracuse,Garrett Williams,Arizona Cardinals,Cornerback
Tarleton State,E.J. Speed,Indianapolis Colts,Linebacker
TCU,Brandon Coleman,Washington Commanders,Offensive Tackle
TCU,L.J. Collier,Arizona Cardinals,Defensive End
TCU,Andy Dalton,Carolina Panthers,Quarterback
TCU,Derius Davis,Los Angeles Chargers,Wide Receiver
TCU,Emari Demercado,Arizona Cardinals,Running Back
TCU,Dylan Horton,Houston Texans,Defensive End
TCU,Quentin Johnston,Los Angeles Chargers,Wide Receiver
TCU,Kendre Miller,New Orleans Saints,Running Back
TCU,Tre'von Moehrig,Las Vegas Raiders,Safety
TCU,Josh Newton,Cincinnati Bengals,Cornerback
TCU,Matt Pryor,Chicago Bears,Guard
TCU,Ty Summers,New York Giants,Linebacker
TCU,KaVontae Turpin,Dallas Cowboys,Wide Receiver
TCU,Ar'Darius Washington,Baltimore Ravens,Safety
TCU,Jared Wiley,Kansas City Chiefs,Tight End
TCU,Dee Winters,San Francisco 49ers,Linebacker
Temple,Dion Dawkins,Buffalo Bills,Offensive Tackle
Temple,Sam Franklin Jr.,Carolina Panthers,Safety
Temple,Matt Hennessy,Atlanta Falcons,Center
Temple,Jordan Magee,Washington Commanders,Linebacker
Temple,Jacob Martin,Chicago Bears,Defensive End
Temple,David Martin-Robinson,Tennessee Titans,Tight End
Temple,Brandon McManus,Green Bay Packers,Place kicker
Temple,Michael Niese,Detroit Lions,Guard
Temple,Haason Reddick,New York Jets,Defensive End
Temple,Rock Ya-Sin,San Francisco 49ers,Cornerback
Tennessee,Derek Barnett,Houston Texans,Defensive End
Tennessee,Matthew Butler,Las Vegas Raiders,Defensive Tackle
Tennessee,Morgan Cox,Tennessee Titans,Long Snapper
Tennessee,Joshua Dobbs,San Francisco 49ers,Quarterback
Tennessee,Hendon Hooker,Detroit Lions,Quarterback
Tennessee,Jalin Hyatt,New York Giants,Wide Receiver
Tennessee,Theo Jackson,Minnesota Vikings,Safety
Tennessee,Jauan Jennings,San Francisco 49ers,Wide Receiver
Tennessee,Gabe Jeudy-Lally,Tennessee Titans,Cornerback
Tennessee,Alvin Kamara,New Orleans Saints,Running Back
Tennessee,Cade Mays,Carolina Panthers,Guard
Tennessee,Jaylen McCollough,Los Angeles Rams,Safety
Tennessee,Joe Milton III,New England Patriots,Quarterback
Tennessee,Joshua Palmer,Los Angeles Chargers,Wide Receiver
Tennessee,Cordarrelle Patterson,Pittsburgh Steelers,Running Back
Tennessee,Jalen Reeves-Maybin,Detroit Lions,Linebacker
Tennessee,Trey Smith,Kansas City Chiefs,Guard
Tennessee,Cameron Sutton,Pittsburgh Steelers,Cornerback
Tennessee,Darrell Taylor,Chicago Bears,Defensive End
Tennessee,Alontae Taylor,New Orleans Saints,Cornerback
Tennessee,Cedric Tillman,Cleveland Browns,Wide Receiver
Tennessee,Shy Tuttle,Carolina Panthers,Defensive Tackle
Tennessee,Dee Williams,Seattle Seahawks,Cornerback
Tennessee,Darnell Wright,Chicago Bears,Offensive Tackle
Tennessee,Jaylen Wright,Miami Dolphins,Running Back
Tennessee,Byron Young,Los Angeles Rams,Linebacker
Texas,Calvin Anderson,Pittsburgh Steelers,Offensive Tackle
Texas,Kris Boyd,Houston Texans,Cornerback
Texas,Keondre Coburn,Tennessee Titans,Defensive Tackle
Texas,Sam Cosmi,Washington Commanders,Guard
Texas,Cameron Dicker,Los Angeles Chargers,Place kicker
Texas,Michael Dickson,Seattle Seahawks,Punter
Texas,Quandre Diggs,Tennessee Titans,Safety
Texas,Sam Ehlinger,Indianapolis Colts,Quarterback
Texas,DeShon Elliott,Pittsburgh Steelers,Safety
Texas,Poona Ford,Los Angeles Chargers,Defensive Tackle
Texas,Jaylan Ford,New Orleans Saints,Linebacker
Texas,D'Onta Foreman,Cleveland Browns,Running Back
Texas,Ta'Quon Graham,Atlanta Falcons,Defensive Tackle
Texas,Jordan Hicks,Cleveland Browns,Linebacker
Texas,Lil'Jordan Humphrey,Denver Broncos,Wide Receiver
Texas,Roschon Johnson,Chicago Bears,Running Back
Texas,Brandon Jones,Denver Broncos,Safety
Texas,Christian Jones,Arizona Cardinals,Offensive Tackle
Texas,P.J. Locke,Denver Broncos,Safety
Texas,Adonai Mitchell,Indianapolis Colts,Wide Receiver
Texas,Byron Murphy II,Seattle Seahawks,Defensive Tackle
Texas,Moro Ojomo,Philadelphia Eagles,Defensive Tackle
Texas,Joseph Ossai,Cincinnati Bengals,Defensive End
Texas,DeMarvion Overshown,Dallas Cowboys,Linebacker
Texas,Adrian Phillips,New England Patriots,Safety
Texas,Malcolm Roach,Denver Broncos,Defensive Tackle
Texas,Bijan Robinson,Atlanta Falcons,Running Back
Texas,Ja'Tavion Sanders,Carolina Panthers,Tight End
Texas,Brenden Schooler,New England Patriots,Safety
Texas,Geoff Swaim,Cleveland Browns,Tight End
Texas,T'Vondre Sweat,Tennessee Titans,Defensive Tackle
Texas,Justin Tucker,Baltimore Ravens,Place kicker
Texas,Jordan Whittington,Los Angeles Rams,Wide Receiver
Texas,Connor Williams,Seattle Seahawks,Center
Texas,Xavier Worthy,Kansas City Chiefs,Wide Receiver
Texas A&M,De'Von Achane,Miami Dolphins,Running Back
Texas A&M,Bobby Brown III,Los Angeles Rams,Defensive Tackle
Texas A&M,Micheal Clemons,New York Jets,Defensive End
Texas A&M,Edgerrin Cooper,Green Bay Packers,Linebacker
Texas A&M,Tyrel Dodson,Seattle Seahawks,Linebacker
Texas A&M,Jermaine Eluemunor,New York Giants,Guard
Texas A&M,Mike Evans,Tampa Bay Buccaneers,Wide Receiver
Texas A&M,Myles Garrett,Cleveland Browns,Defensive End
Texas A&M,Kenyon Green,Houston Texans,Guard
Texas A&M,Germain Ifedi,Cleveland Browns,Guard
Texas A&M,McKinnley Jackson,Cincinnati Bengals,Defensive Tackle
Texas A&M,Buddy Johnson,Dallas Cowboys,Linebacker
Texas A&M,Antonio Johnson,Jacksonville Jaguars,Safety
Texas A&M,Jaylon Jones,Indianapolis Colts,Cornerback
Texas A&M,Christian Kirk,Jacksonville Jaguars,Wide Receiver
Texas A&M,Nnamdi Madubuike,Baltimore Ravens,Defensive Tackle
Texas A&M,Braden Mann,Philadelphia Eagles,Punter
Texas A&M,Jake Matthews,Atlanta Falcons,Offensive Tackle
Texas A&M,Ryan McCollum,Pittsburgh Steelers,Center
Texas A&M,Von Miller,Buffalo Bills,Linebacker
Texas A&M,Dan Moore Jr.,Pittsburgh Steelers,Offensive Tackle
Texas A&M,Demani Richardson,Carolina Panthers,Safety
Texas A&M,Layden Robinson,New England Patriots,Guard
Texas A&M,Ainias Smith,Philadelphia Eagles,Wide Receiver
Texas A&M,Trayveon Williams,Cincinnati Bengals,Running Back
Texas A&M,Donovan Wilson,Dallas Cowboys,Safety
Texas A&M-Commerce,Kader Kohou,Miami Dolphins,Cornerback
Texas A&M-Commerce,Levi Drake Rodriguez,Minnesota Vikings,Defensive Tackle
Texas State,Aaron Brewer,Miami Dolphins,Guard
Texas Tech,Jordyn Brooks,Miami Dolphins,Linebacker
Texas Tech,Myles Cole,Jacksonville Jaguars,Defensive End
Texas Tech,Sam Eguavoen,New York Jets,Linebacker
Texas Tech,Patrick Mahomes,Kansas City Chiefs,Quarterback
Texas Tech,Tyler Owens,Washington Commanders,Safety
Texas Tech,Terence Steele,Dallas Cowboys,Offensive Tackle
Texas Tech,Dadrion Taylor-Demerson,Arizona Cardinals,Safety
Texas Tech,Broderick Washington,Baltimore Ravens,Defensive Tackle
Texas Tech,Tyree Wilson,Las Vegas Raiders,Defensive End
Toledo,Tycen Anderson,Cincinnati Bengals,Safety
Toledo,Reggie Gilliam,Buffalo Bills,Fullback
Toledo,Ka'dar Hollman,Houston Texans,Cornerback
Toledo,Kareem Hunt,Kansas City Chiefs,Running Back
Toledo,Diontae Johnson,Baltimore Ravens,Wide Receiver
Toledo,Desjuan Johnson,Los Angeles Rams,Defensive End
Toledo,Quinyon Mitchell,Philadelphia Eagles,Cornerback
Toledo,Storm Norton,Atlanta Falcons,Offensive Tackle
Toledo,Samuel Womack III,Indianapolis Colts,Cornerback
Troy,Derrick Ansley,null Unknown,Unknown
Troy,Dell Pettus,New England Patriots,Safety
Troy,Javon Solomon,Buffalo Bills,Defensive End
Troy,Kimani Vidal,Los Angeles Chargers,Running Back
Tulane,Terry Fontenot,null Unknown,Unknown
Tulane,Jha'Quan Jackson,Tennessee Titans,Wide Receiver
Tulane,Patrick Johnson,New York Giants,Linebacker
Tulane,Darnell Mooney,Atlanta Falcons,Wide Receiver
Tulane,Cairo Santos,Chicago Bears,Place kicker
Tulane,Tyjae Spears,Tennessee Titans,Running Back
Tulane,Dorian Williams,Buffalo Bills,Linebacker
Tulane,Ryan Wright,Minnesota Vikings,Punter
Tulsa,Zaven Collins,Arizona Cardinals,Linebacker
Tulsa,Trevis Gipson,Seattle Seahawks,Linebacker
Tulsa,Chris Paul,Washington Commanders,Guard
Tulsa,Tyler Smith,Dallas Cowboys,Offensive Tackle
UAB,Chris Hubbard,New York Giants,Guard
UAB,Kadeem Telfort,Green Bay Packers,Offensive Tackle
UAB,Starling Thomas V,Arizona Cardinals,Cornerback
UAB,Darious Williams,Los Angeles Rams,Cornerback
UC Davis,Ejiro Evero,null Unknown,Unknown
UC Davis,Daniel Whelan,Green Bay Packers,Punter
UCF,Jordan Akins,Cleveland Browns,Tight End
UCF,Javon Baker,New England Patriots,Wide Receiver
UCF,Gabe Davis,Jacksonville Jaguars,Wide Receiver
UCF,Kalia Davis,San Francisco 49ers,Defensive Tackle
UCF,Richie Grant,Atlanta Falcons,Safety
UCF,Shaquill Griffin,Minnesota Vikings,Cornerback
UCF,Mike Hughes,Atlanta Falcons,Cornerback
UCF,Alex Ward,Los Angeles Rams,Long Snapper
UCLA,Alec Anderson,Buffalo Bills,Offensive Tackle
UCLA,Krys Barnes,Arizona Cardinals,Linebacker
UCLA,Jake Bobo,Seattle Seahawks,Wide Receiver
UCLA,Jake Brendel,San Francisco 49ers,Center
UCLA,Zach Charbonnet,Seattle Seahawks,Running Back
UCLA,Kenny Clark,Green Bay Packers,Defensive Tackle
UCLA,Greg Dulcich,Denver Broncos,Tight End
UCLA,Ka'imi Fairbairn,Houston Texans,Place kicker
UCLA,Jon Gaines II,Arizona Cardinals,Guard
UCLA,Darnay Holmes,Las Vegas Raiders,Cornerback
UCLA,Andre James,Las Vegas Raiders,Center
UCLA,Eric Kendricks,Dallas Cowboys,Linebacker
UCLA,Quentin Lake,Los Angeles Rams,Safety
UCLA,Laiatu Latu,Indianapolis Colts,Defensive End
UCLA,Marcedes Lewis,Chicago Bears,Tight End
UCLA,Kolton Miller,Las Vegas Raiders,Offensive Tackle
UCLA,Fabian Moreau,Minnesota Vikings,Cornerback
UCLA,Darius Muasau,New York Giants,Linebacker
UCLA,Osa Odighizuwa,Dallas Cowboys,Defensive Tackle
UCLA,Otito Ogbonnia,Los Angeles Chargers,Defensive Tackle
UCLA,Sean Rhyan,Green Bay Packers,Guard
UCLA,Carson Steele,Kansas City Chiefs,Running Back
UCLA,Dorian Thompson-Robinson,Cleveland Browns,Quarterback
UCLA,Colson Yankoff,Washington Commanders,Tight End
UConn,Folorunso Fatukasi,Houston Texans,Defensive Tackle
UConn,Christian Haynes,Seattle Seahawks,Guard
UConn,Travis Jones,Baltimore Ravens,Defensive Tackle
UConn,Matt Peart,Denver Broncos,Offensive Tackle
UConn,Ryan Van Demark,Buffalo Bills,Offensive Tackle
UConn,Eric Watts,New York Jets,Defensive End
UConn,Nick Williams,Denver Broncos,Wide Receiver
University Of Charleston (WV),Tyreik McAllister,Las Vegas Raiders,Wide Receiver
USC,Jordan Addison,Minnesota Vikings,Wide Receiver
USC,Nelson Agholor,Baltimore Ravens,Wide Receiver
USC,Calen Bullock,Houston Texans,Safety
USC,Sam Darnold,Minnesota Vikings,Quarterback
USC,Justin Dedich,Los Angeles Rams,Guard
USC,Adoree' Jackson,New York Giants,Cornerback
USC,Austin Jackson,Miami Dolphins,Guard
USC,Jarrett Kingston,Carolina Panthers,Offensive Tackle
USC,Drake London,Atlanta Falcons,Wide Receiver
USC,Kana'i Mauga,Las Vegas Raiders,Linebacker
USC,Brandon Pili,Miami Dolphins,Defensive Tackle
USC,Michael Pittman Jr.,Indianapolis Colts,Wide Receiver
USC,Isaiah Pola-Mao,Las Vegas Raiders,Safety
USC,Brenden Rice,Los Angeles Chargers,Wide Receiver
USC,Christian Roland-Wallace,Kansas City Chiefs,Cornerback
USC,Tyron Smith,New York Jets,Offensive Tackle
USC,JuJu Smith-Schuster,Kansas City Chiefs,Wide Receiver
USC,Amon-Ra St. Brown,Detroit Lions,Wide Receiver
USC,Jay Tufele,Cincinnati Bengals,Defensive Tackle
USC,Marlon Tuipulotu,Kansas City Chiefs,Defensive Tackle
USC,Tuli Tuipulotu,Los Angeles Chargers,Linebacker
USC,Alijah Vera-Tucker,New York Jets,Guard
USC,Andrew Vorhees,Baltimore Ravens,Guard
USC,Leonard Williams,Seattle Seahawks,Defensive End
USC,Caleb Williams,Chicago Bears,Quarterback
USC,Robert Woods,Houston Texans,Wide Receiver
UT Martin,Rodney Williams,Pittsburgh Steelers,Tight End
Utah,Cody Barton,Denver Broncos,Linebacker
Utah,Cole Bishop,Buffalo Bills,Safety
Utah,Julian Blackmon,Indianapolis Colts,Safety
Utah,Garett Bolles,Denver Broncos,Offensive Tackle
Utah,Mohamoud Diabate,Cleveland Browns,Linebacker
Utah,Jonah Elliss,Denver Broncos,Linebacker
Utah,Leki Fotu,New York Jets,Defensive Tackle
Utah,Matt Gay,Indianapolis Colts,Place kicker
Utah,Jaylon Johnson,Chicago Bears,Cornerback
Utah,Dalton Kincaid,Buffalo Bills,Tight End
Utah,Sataoa Laumea,Seattle Seahawks,Offensive Tackle
Utah,Devin Lloyd,Jacksonville Jaguars,Linebacker
Utah,Zack Moss,Cincinnati Bengals,Running Back
Utah,Tim Patrick,Detroit Lions,Wide Receiver
Utah,Clark Phillips III,Atlanta Falcons,Cornerback
Utah,Sione Vaki,Detroit Lions,Running Back
Utah,Devaughn Vele,Denver Broncos,Wide Receiver
Utah,Marcus Williams,Baltimore Ravens,Safety
Utah,Mitch Wishnowsky,San Francisco 49ers,Punter
Utah State,Jordan Love,Green Bay Packers,Quarterback
Utah State,Nick Vigil,Dallas Cowboys,Linebacker
Utah State,Bobby Wagner,Washington Commanders,Linebacker
UTEP,Aaron Jones,Minnesota Vikings,Running Back
UTEP,Elijah Klein,Tampa Bay Buccaneers,Guard
UTEP,Tyrice Knight,Seattle Seahawks,Linebacker
UTEP,Andrew Meyer,Miami Dolphins,Center
UTEP,Roy Robertson-Harris,Seattle Seahawks,Defensive Tackle
UTEP,Eric Tomlinson,Los Angeles Chargers,Tight End
UTSA,Spencer Burford,San Francisco 49ers,Offensive Tackle
UTSA,Leroy Watson IV,Tennessee Titans,Offensive Tackle
UTSA,Riq Woolen,Seattle Seahawks,Cornerback
Valdosta State,Kenny Moore II,Indianapolis Colts,Cornerback
Vanderbilt,Oren Burks,Philadelphia Eagles,Linebacker
Vanderbilt,Adam Butler,Las Vegas Raiders,Defensive Tackle
Vanderbilt,Matthew Hayball,New Orleans Saints,Punter
Vanderbilt,Dayo Odeyingbo,Indianapolis Colts,Defensive End
Vanderbilt,Anfernee Orji,New Orleans Saints,Linebacker
Vanderbilt,Trent Sherfield Sr.,Minnesota Vikings,Wide Receiver
Vanderbilt,Justin Skule,Tampa Bay Buccaneers,Offensive Tackle
Villanova,Christian Benford,Buffalo Bills,Cornerback
Virginia,Joey Blount,Arizona Cardinals,Safety
Virginia,Rodney McLeod Jr.,Cleveland Browns,Safety
Virginia,Morgan Moses,New York Jets,Offensive Tackle
Virginia,Charles Snowden,Las Vegas Raiders,Defensive End
Virginia,Juan Thornhill,Cleveland Browns,Safety
Virginia,Brent Urban,Baltimore Ravens,Defensive End
Virginia,Malik Washington,Miami Dolphins,Wide Receiver
Virginia,Dontayvion Wicks,Green Bay Packers,Wide Receiver
Virginia,Olamide Zaccheaus,Washington Commanders,Wide Receiver
Virginia Tech,Raheem Blackshear,Carolina Panthers,Running Back
Virginia Tech,Chamarri Conner,Kansas City Chiefs,Safety
Virginia Tech,Divine Deablo,Las Vegas Raiders,Linebacker
Virginia Tech,Terrell Edmunds,Pittsburgh Steelers,Safety
Virginia Tech,Tremaine Edmunds,Chicago Bears,Linebacker
Virginia Tech,Kendall Fuller,Miami Dolphins,Cornerback
Virginia Tech,Khalil Herbert,Chicago Bears,Running Back
Virginia Tech,Brock Hoffman,Dallas Cowboys,Center
Virginia Tech,Yosh Nijman,Carolina Panthers,Offensive Tackle
Virginia Tech,Tim Settle Jr.,Houston Texans,Defensive Tackle
Virginia Tech,Joey Slye,New England Patriots,Place kicker
Virginia Tech,Lecitus Smith,New England Patriots,Center
Virginia Tech,Tyrod Taylor,New York Jets,Quarterback
Virginia Tech,Wyatt Teller,Cleveland Browns,Guard
Wagner,Cam Gill,Carolina Panthers,Linebacker
Wagner,Chris Williams,Chicago Bears,Defensive Tackle
Wake Forest,Alex Bachman,Las Vegas Raiders,Wide Receiver
Wake Forest,Jessie Bates III,Atlanta Falcons,Safety
Wake Forest,Caelen Carson,Dallas Cowboys,Cornerback
Wake Forest,Greg Dortch,Arizona Cardinals,Wide Receiver
Wake Forest,Michael Jurgens,Minnesota Vikings,Center
Wake Forest,Malik Mustapha,San Francisco 49ers,Safety
Wake Forest,Justin Strnad,Denver Broncos,Linebacker
Wake Forest,Ja'Sir Taylor,Los Angeles Chargers,Cornerback
Wake Forest,Zach Tom,Green Bay Packers,Guard
Wake Forest,Kobie Turner,Los Angeles Rams,Defensive Tackle
Washburn,Corey Ballentine,Green Bay Packers,Cornerback
Washburn,Kyle Hinton,Atlanta Falcons,Guard
Washington,Trey Adams,Buffalo Bills,Offensive Tackle
Washington,Budda Baker,Arizona Cardinals,Safety
Washington,Jake Browning,Cincinnati Bengals,Quarterback
Washington,Myles Bryant,Houston Texans,Cornerback
Washington,Devin Culp,Tampa Bay Buccaneers,Tight End
Washington,Will Dissly,Los Angeles Chargers,Tight End
Washington,Greg Gaines,Tampa Bay Buccaneers,Defensive Tackle
Washington,Kyler Gordon,Chicago Bears,Cornerback
Washington,Dominique Hampton,Washington Commanders,Safety
Washington,Kevin King,Atlanta Falcons,Cornerback
Washington,Trent McDuffie,Kansas City Chiefs,Cornerback
Washington,Kaleb McGary,Atlanta Falcons,Offensive Tackle
Washington,Jalen McMillan,Tampa Bay Buccaneers,Wide Receiver
Washington,Elijah Molden,Los Angeles Chargers,Cornerback
Washington,Byron Murphy Jr.,Minnesota Vikings,Cornerback
Washington,Rome Odunze,Chicago Bears,Wide Receiver
Washington,Levi Onwuzurike,Detroit Lions,Defensive End
Washington,Cade Otton,Tampa Bay Buccaneers,Tight End
Washington,Michael Penix Jr.,Atlanta Falcons,Quarterback
Washington,Ja'Lynn Polk,New England Patriots,Wide Receiver
Washington,Taylor Rapp,Buffalo Bills,Safety
Washington,Roger Rosengarten,Baltimore Ravens,Offensive Tackle
Washington,Drew Sample,Cincinnati Bengals,Tight End
Washington,Coleman Shelton,Chicago Bears,Center
Washington,Keith Taylor Jr.,Kansas City Chiefs,Cornerback
Washington,Joe Tryon-Shoyinka,Tampa Bay Buccaneers,Linebacker
Washington,Edefuan Ulofoshio,Buffalo Bills,Linebacker
Washington,Vita Vea,Tampa Bay Buccaneers,Defensive Tackle
Washington State,Andre Dillard,Green Bay Packers,Offensive Tackle
Washington State,Daniel Ekuale,New England Patriots,Defensive Tackle
Washington State,Daiyan Henley,Los Angeles Chargers,Linebacker
Washington State,Jaden Hicks,Kansas City Chiefs,Safety
Washington State,Brennan Jackson,Los Angeles Rams,Linebacker
Washington State,Frankie Luvu,Washington Commanders,Linebacker
Washington State,Gardner Minshew,Las Vegas Raiders,Quarterback
Washington State,Chau Smith-Wade,Carolina Panthers,Cornerback
Washington State,Jalen Thompson,Arizona Cardinals,Safety
Weber State,Taron Johnson,Buffalo Bills,Cornerback
Weber State,Winston Reid,Cleveland Browns,Linebacker
Weber State,Jonah Williams,Los Angeles Rams,Defensive End
West Alabama,Tyreek Hill,Miami Dolphins,Wide Receiver
West Virginia,Beanie Bishop Jr.,Pittsburgh Steelers,Cornerback
West Virginia,Rasul Douglas,Buffalo Bills,Cornerback
West Virginia,Bryce Ford-Wheaton,New York Giants,Wide Receiver
West Virginia,Zach Frazier,Pittsburgh Steelers,Center
West Virginia,Mark Glowinski,New York Giants,Guard
West Virginia,David Long Jr.,Miami Dolphins,Linebacker
West Virginia,Colton McKivitz,San Francisco 49ers,Offensive Tackle
West Virginia,Geno Smith,Seattle Seahawks,Quarterback
West Virginia,Dante Stills,Arizona Cardinals,Defensive Tackle
West Virginia,Rex Sunahara,Cleveland Browns,Long Snapper
West Virginia,Kyzir White,Arizona Cardinals,Linebacker
Western Colorado,Austin Ekeler,Washington Commanders,Running Back
Western Illinois,Khalen Saunders,New Orleans Saints,Defensive Tackle
Western Kentucky,Malachi Corley,New York Jets,Wide Receiver
Western Kentucky,Devon Key,Denver Broncos,Safety
Western Kentucky,DeAngelo Malone,Atlanta Falcons,Linebacker
Western Kentucky,Jordan Meredith,Las Vegas Raiders,Guard
Western Kentucky,Bailey Zappe,Cleveland Browns,Quarterback
Western Michigan,Mike Caliendo,Kansas City Chiefs,Guard
Western Michigan,Corey Davis,New York Jets,Wide Receiver
Western Michigan,Dee Eskridge,Miami Dolphins,Wide Receiver
Western Michigan,Jaylon Moore,San Francisco 49ers,Guard
Western Michigan,Taylor Moton,Carolina Panthers,Offensive Tackle
Western Michigan,Robert Spillane,Las Vegas Raiders,Linebacker
William & Mary,Luke Rhodes,Indianapolis Colts,Long Snapper
William & Mary,Colby Sorsdal,Detroit Lions,Offensive Tackle
William & Mary,Andrew Trainer,Los Angeles Chargers,Offensive Tackle
Wingate,Ethan Evans,Los Angeles Rams,Punter
Wisconsin,Braelon Allen,New York Jets,Running Back
Wisconsin,Zack Baun,Philadelphia Eagles,Linebacker
Wisconsin,Keeanu Benton,Pittsburgh Steelers,Defensive Tackle
Wisconsin,Tyler Biadasz,Washington Commanders,Center
Wisconsin,Tanor Bortolini,Indianapolis Colts,Guard
Wisconsin,Logan Bruss,Los Angeles Rams,Guard
Wisconsin,Leo Chenal,Kansas City Chiefs,Linebacker
Wisconsin,Michael Deiter,Washington Commanders,Guard
Wisconsin,T.J. Edwards,Chicago Bears,Linebacker
Wisconsin,David Edwards,Buffalo Bills,Guard
Wisconsin,Jake Ferguson,Dallas Cowboys,Tight End
Wisconsin,Rob Havenstein,Los Angeles Rams,Offensive Tackle
Wisconsin,Nick Herbig,Pittsburgh Steelers,Linebacker
Wisconsin,Alec Ingold,Miami Dolphins,Fullback
Wisconsin,Isaiahh Loudermilk,Pittsburgh Steelers,Defensive Tackle
Wisconsin,Maema Njongmeta,Cincinnati Bengals,Linebacker
Wisconsin,Dare Ogunbowale,Houston Texans,Running Back
Wisconsin,Jack Sanborn,Chicago Bears,Linebacker
Wisconsin,Jonathan Taylor,Indianapolis Colts,Running Back
Wisconsin,Joe Tippmann,New York Jets,Center
Wisconsin,Andrew Van Ginkel,Minnesota Vikings,Linebacker
Wisconsin,Cole Van Lanen,Jacksonville Jaguars,Offensive Tackle
Wisconsin,T.J. Watt,Pittsburgh Steelers,Linebacker
Wisconsin,Russell Wilson,Pittsburgh Steelers,Quarterback
Wisconsin,Kevin Zeitler,Detroit Lions,Guard
Wisconsin-Whitewater,Quinn Meinerz,Denver Broncos,Guard
Wyoming,Josh Allen,Buffalo Bills,Quarterback
Wyoming,Frank Crum,Denver Broncos,Offensive Tackle
Wyoming,Carl Granderson,New Orleans Saints,Defensive End
Wyoming,Chad Muma,Jacksonville Jaguars,Linebacker
Wyoming,Logan Wilson,Cincinnati Bengals,Linebacker
Yale,Kiran Amegadjie,Chicago Bears,Offensive Tackle
Yale,Foyesade Oluokun,Jacksonville Jaguars,Linebacker
Yale,Rodney Thomas II,Indianapolis Colts,Safety
Yale,Mason Tipton,New Orleans Saints,Wide Receiver
Youngstown State,Jaleel McLaughlin,Denver Broncos,Running Back
Youngstown State,Drew Ogletree,Indianapolis Colts,Tight End
